experiment,task,status,started_at,finished_at,language,model,tooling,prompt,replicate,code_quality,test_coverage,defect_rate,maintainability,idiomatic,token_efficiency,requirement_coverage,duration_seconds,tokens,cost_usd,turns
experiment-1,rest-api-crud,completed,2026-04-10 21:59:52.845236,2026-04-10 21:59:52.845241,python,opus,none,,1,0.7888888888888889,,,,,,,,,,
experiment-1,rest-api-crud,completed,2026-04-10 22:01:18.945741,2026-04-10 22:01:18.945744,python,opus,beads,,1,0.6222222222222222,,,,,,,,,,
experiment-1,rest-api-crud,completed,2026-04-10 22:03:06.993359,2026-04-10 22:03:06.993362,python,sonnet,none,,1,0.6666666666666666,,,,,,,,,,
experiment-1,rest-api-crud,completed,2026-04-10 22:04:53.053844,2026-04-10 22:04:53.053847,python,sonnet,beads,,1,0.6222222222222222,,,,,,,,,,
experiment-1,rest-api-crud,completed,2026-04-10 22:06:42.675808,2026-04-10 22:06:42.675811,typescript,opus,none,,1,0.7333333333333334,,,,,,,,,,
experiment-1,rest-api-crud,completed,2026-04-10 22:10:35.036329,2026-04-10 22:10:35.036334,typescript,opus,beads,,1,0.7333333333333334,,,,,,,,,,
experiment-1,rest-api-crud,completed,2026-04-10 22:15:08.859664,2026-04-10 22:15:08.859668,typescript,sonnet,none,,1,0.7333333333333334,,,,,,,,,,
experiment-1,rest-api-crud,failed,2026-04-10 22:19:17.533862,2026-04-10 22:19:17.533865,typescript,sonnet,beads,,1,0.0,,,,,,,,,,
experiment-1,rest-api-crud,completed,2026-04-10 22:21:21.543014,2026-04-10 22:21:21.543018,go,opus,none,,1,0.888888888888889,,,,,,,,,,
experiment-1,rest-api-crud,completed,2026-04-10 22:24:04.614031,2026-04-10 22:24:04.614034,go,opus,beads,,1,0.9555555555555556,,,,,,,,,,
experiment-1,rest-api-crud,completed,2026-04-10 22:26:14.386513,2026-04-10 22:26:14.386517,go,sonnet,none,,1,0.9555555555555556,,,,,,,,,,
experiment-1,rest-api-crud,completed,2026-04-10 22:28:57.767761,2026-04-10 22:28:57.767764,go,sonnet,beads,,1,1.0,,,,,,,,,,
experiment-1,rest-api-crud,completed,2026-04-13 16:58:14.509197,2026-04-13 16:58:14.509203,python,opus,none,,2,0.0,0.0,0.0,0.0,0.0,0.0,0.9167,45.3,105212.0,0.2077,
experiment-1,rest-api-crud,completed,2026-04-13 16:58:57.163686,2026-04-13 16:58:57.163691,python,opus,none,,3,0.9555555555555556,0.94,0.782608695652174,0.9813333333333333,0.68,0.5,1.0,42.6,78185.0,0.1992,
experiment-1,rest-api-crud,completed,2026-04-13 17:00:25.095634,2026-04-13 17:00:25.095638,python,opus,beads,,2,0.7722222222222221,0.97,0.6129032258064516,1.0,0.7,0.5,1.0,87.9,342199.0,0.4313,
experiment-1,rest-api-crud,completed,2026-04-13 17:01:35.420570,2026-04-13 17:01:35.420574,python,opus,beads,,3,0.6222222222222222,0.97,0.5348837209302326,0.9885057471264368,0.7,0.5,1.0,70.3,218520.0,0.3154,
experiment-1,rest-api-crud,completed,2026-04-13 17:02:55.293673,2026-04-13 17:02:55.293678,python,sonnet,none,,2,0.0,0.0,0.0,0.0,0.0,0.0,0.9167,79.8,352699.0,0.2319,
experiment-1,rest-api-crud,completed,2026-04-13 17:04:03.083947,2026-04-13 17:04:03.083951,python,sonnet,none,,3,0.6222222222222222,0.97,0.30693069306930676,1.0,0.73,0.5,1.0,67.8,312082.0,0.2195,
experiment-1,rest-api-crud,completed,2026-04-13 17:06:12.092941,2026-04-13 17:06:12.092946,python,sonnet,beads,,2,0.7999999999999999,0.24,0.0,0.9375389009951883,0.75,0.5,1.0,129.0,493328.0,0.2995,
experiment-1,rest-api-crud,completed,2026-04-13 17:07:43.448452,2026-04-13 17:07:43.448456,python,sonnet,beads,,3,0.0,0.0,0.0,0.0,0.0,0.0,1.0,91.3,380179.0,0.2239,
experiment-1,rest-api-crud,completed,2026-04-13 17:10:48.950390,2026-04-13 17:10:48.950395,typescript,opus,none,,2,0.7333333333333334,1.0,1.0,0.6554789432315078,0.77,0.5,1.0,183.8,167020.0,0.3113,
experiment-1,rest-api-crud,completed,2026-04-13 17:13:49.003632,2026-04-13 17:13:49.003636,typescript,opus,none,,3,0.7333333333333334,0.8461,1.0,0.6708093745763768,0.78,0.5,1.0,178.6,170386.0,0.3261,
experiment-1,rest-api-crud,completed,2026-04-13 17:17:37.809571,2026-04-13 17:17:37.809575,typescript,opus,beads,,2,0.7333333333333334,1.0,1.0,0.6765839739361588,0.7,0.5,1.0,226.6,505402.0,0.5452,
experiment-1,rest-api-crud,completed,2026-04-13 17:21:11.330137,2026-04-13 17:21:11.330142,typescript,opus,beads,,3,0.7333333333333334,0.0862,1.0,0.686491921765724,0.77,0.5,1.0,211.7,403038.0,0.4785,
experiment-1,rest-api-crud,completed,2026-04-13 17:25:54.760033,2026-04-13 17:25:54.760038,typescript,sonnet,none,,2,0.7333333333333334,0.8939,1.0,0.6092622827412253,0.68,0.5,1.0,281.1,835319.0,0.5314,
experiment-1,rest-api-crud,failed,2026-04-13 17:35:30.368004,2026-04-13 17:35:30.368009,typescript,sonnet,none,,3,0.0,,,,,,,,,,
experiment-1,rest-api-crud,completed,2026-04-13 17:37:57.247716,2026-04-13 17:37:57.247721,typescript,sonnet,beads,,1,0.7333333333333334,0.9309999999999999,1.0,0.6486988542302224,0.72,0.5,1.0,144.6,688784.0,0.3881,
experiment-1,rest-api-crud,completed,2026-04-13 17:41:42.965606,2026-04-13 17:41:42.965610,typescript,sonnet,beads,,2,0.7333333333333334,0.8602,1.0,0.8413478393623629,0.6,0.5,1.0,223.3,697503.0,0.4293,
experiment-1,rest-api-crud,completed,2026-04-13 17:44:00.686996,2026-04-13 17:44:00.687001,typescript,sonnet,beads,,3,0.7333333333333334,0.9401999999999999,1.0,0.6532707213577048,0.72,0.5,1.0,135.2,526761.0,0.3262,
experiment-1,rest-api-crud,completed,2026-04-13 17:45:28.551867,2026-04-13 17:45:28.551872,go,opus,none,,2,1.0,0.603,1.0,0.7939902624290985,0.75,0.5,1.0,86.1,162906.0,0.3277,
experiment-1,rest-api-crud,completed,2026-04-13 17:47:13.705549,2026-04-13 17:47:13.705553,go,opus,none,,3,1.0,0.653,1.0,0.780569998839934,0.77,0.5,1.0,101.0,298091.0,0.3945,
experiment-1,rest-api-crud,completed,2026-04-13 17:48:50.943550,2026-04-13 17:48:50.943555,go,opus,beads,,2,1.0,0.6,1.0,0.8267613328256868,0.9,0.5,1.0,97.0,282025.0,0.4318,
experiment-1,rest-api-crud,completed,2026-04-13 17:51:08.264803,2026-04-13 17:51:08.264807,go,opus,beads,,3,1.0,0.623,1.0,0.867722159555838,0.86,0.5,1.0,137.1,410406.0,0.5497,
experiment-1,rest-api-crud,completed,2026-04-13 17:53:10.336031,2026-04-13 17:53:10.336036,go,sonnet,none,,2,0.9555555555555556,0.6729999999999999,1.0,0.9956607495069033,0.75,0.5,1.0,121.9,448470.0,0.3104,
experiment-1,rest-api-crud,completed,2026-04-13 17:55:15.520835,2026-04-13 17:55:15.520841,go,sonnet,none,,3,0.9555555555555556,0.6609999999999999,1.0,0.990138067061144,0.72,0.5,1.0,124.9,422277.0,0.2953,
experiment-1,rest-api-crud,completed,2026-04-13 17:57:23.723419,2026-04-13 17:57:23.723425,go,sonnet,beads,,2,1.0,0.648,1.0,0.9387174122971659,0.68,0.5,1.0,128.0,408786.0,0.2936,
experiment-1,rest-api-crud,completed,2026-04-13 18:00:09.170439,2026-04-13 18:00:09.170443,go,sonnet,beads,,3,1.0,0.636,1.0,0.904295980966005,0.55,0.5,1.0,165.2,545124.0,0.3284,
experiment-1,rest-api-crud,completed,2026-04-13 18:02:04.849708,2026-04-13 18:02:04.849712,rust,opus,none,,1,0.8333333333333334,1.0,1.0,0.785420954308221,0.68,0.5,0.9583,115.6,139626.0,0.3273,
experiment-1,rest-api-crud,completed,2026-04-13 18:03:43.254084,2026-04-13 18:03:43.254090,rust,opus,none,,2,0.8333333333333334,1.0,1.0,0.8025541821822464,0.68,0.5,1.0,97.5,140736.0,0.3181,
experiment-1,rest-api-crud,completed,2026-04-13 18:05:29.632712,2026-04-13 18:05:29.632715,rust,opus,none,,3,0.8333333333333334,1.0,1.0,0.774889579370227,0.68,0.5,1.0,105.2,171744.0,0.3489,
experiment-1,rest-api-crud,completed,2026-04-13 18:07:45.197882,2026-04-13 18:07:45.197886,rust,opus,beads,,1,0.8333333333333334,1.0,1.0,0.7830639317042657,0.68,0.5,1.0,134.6,405949.0,0.5013,
experiment-1,rest-api-crud,completed,2026-04-13 18:09:56.100955,2026-04-13 18:09:56.100959,rust,opus,beads,,2,0.8333333333333334,1.0,1.0,0.7480848043792792,0.78,0.5,1.0,129.9,287633.0,0.4481,
experiment-1,rest-api-crud,completed,2026-04-13 18:12:40.685725,2026-04-13 18:12:40.685729,rust,opus,beads,,3,0.8333333333333334,1.0,1.0,0.7654418063516658,0.82,0.5,1.0,163.4,371717.0,0.4931,
experiment-1,rest-api-crud,completed,2026-04-13 18:15:34.391039,2026-04-13 18:15:34.391044,rust,sonnet,none,,1,0.8333333333333334,1.0,1.0,0.6134952766531714,0.48,0.5,1.0,172.1,443216.0,0.3548,
experiment-1,rest-api-crud,completed,2026-04-13 18:18:27.376941,2026-04-13 18:18:27.376945,rust,sonnet,none,,2,0.8333333333333334,1.0,1.0,0.6147812971342383,0.42,0.5,1.0,172.2,240604.0,0.2925,
experiment-1,rest-api-crud,completed,2026-04-13 18:22:26.966628,2026-04-13 18:22:26.966633,rust,sonnet,none,,3,0.8333333333333334,1.0,0.9550561797752809,0.9070428379252057,0.83,0.5,1.0,238.0,501952.0,0.418,
experiment-1,rest-api-crud,completed,2026-04-13 18:25:41.804940,2026-04-13 18:25:41.804944,rust,sonnet,beads,,1,0.8333333333333334,1.0,0.94579945799458,0.464181878542274,0.74,0.5,1.0,192.6,656821.0,0.4074,
experiment-1,rest-api-crud,completed,2026-04-13 18:29:25.653281,2026-04-13 18:29:25.653286,rust,sonnet,beads,,2,0.8333333333333334,1.0,0.9507389162561576,0.5655344239094343,0.85,0.5,1.0,222.6,630765.0,0.4207,
experiment-1,rest-api-crud,failed,2026-04-13 18:36:53.749085,2026-04-13 18:36:53.749090,rust,sonnet,beads,,3,0.0,,,,,,,,,,
experiment-1,rest-api-crud,completed,2026-04-13 20:08:33.894795,2026-04-13 20:08:33.894800,java,opus,none,,1,1.0,1.0,1.0,0.9185569635157841,0.65,0.5,1.0,142.00771016100043,182291.0,0.41710675,
experiment-1,rest-api-crud,completed,2026-04-13 20:08:38.687135,2026-04-13 20:08:38.687140,java,opus,none,,2,1.0,1.0,1.0,0.9185385775918958,0.6,0.5,0.25,145.5345465399987,290890.0,0.482139,
experiment-1,rest-api-crud,completed,2026-04-13 20:08:55.555207,2026-04-13 20:08:55.555212,java,opus,beads,,2,1.0,1.0,1.0,0.9668882363971822,0.75,0.5,0.0833,165.2863084140008,323893.0,0.5061599999999999,
experiment-1,rest-api-crud,completed,2026-04-13 20:09:12.509322,2026-04-13 20:09:12.509326,java,sonnet,none,,1,1.0,1.0,1.0,0.9738479719442532,0.82,0.5,0.0833,181.68883549800012,612173.0,0.38474024999999995,
experiment-1,rest-api-crud,completed,2026-04-13 20:11:05.834068,2026-04-13 20:11:05.834073,java,opus,none,,3,1.0,1.0,1.0,0.9670227351043176,0.67,0.5,0.0833,105.65337103000093,178307.0,0.41004025,
experiment-1,rest-api-crud,completed,2026-04-13 20:12:27.586654,2026-04-13 20:12:27.586658,java,opus,beads,,3,1.0,1.0,1.0,0.8983242976465817,0.78,0.5,0.0833,158.42190398099956,360353.0,0.68396675,
experiment-1,rest-api-crud,completed,2026-04-13 20:12:48.211937,2026-04-13 20:12:48.211942,clojure,opus,none,,3,0.8333333333333334,1.0,1.0,0.9766468338255736,0.83,0.5,0.0833,193.83475020600054,337498.0,0.5716955,
experiment-1,rest-api-crud,failed,2026-04-13 20:13:04.955310,2026-04-13 20:13:04.955315,clojure,opus,beads,,3,0.0,,,,,,,240.91093128699868,982519.0,0.918842,
experiment-1,rest-api-crud,completed,2026-04-13 20:13:49.840861,2026-04-13 20:13:49.840865,java,opus,beads,,1,1.0,1.0,1.0,0.9291650326985845,0.68,0.5,0.9167,125.18471818599937,291090.0,0.467356,
experiment-1,rest-api-crud,completed,2026-04-13 20:14:55.957246,2026-04-13 20:14:55.957251,java,sonnet,none,,2,1.0,1.0,1.0,0.95439602843806,0.86,0.5,0.0833,122.94241109199902,336186.0,0.2478477,
experiment-1,rest-api-crud,completed,2026-04-13 20:16:42.097014,2026-04-13 20:16:42.097019,clojure,opus,beads,,1,0.8333333333333334,1.0,1.0,0.9500741290251978,0.76,0.5,0.0833,176.36413994299983,587233.0,0.6415197499999999,
experiment-1,rest-api-crud,completed,2026-04-13 20:16:44.267878,2026-04-13 20:16:44.267883,java,sonnet,beads,,1,1.0,1.0,1.0,0.9666125439390446,0.82,0.5,0.1667,146.95023447200037,510855.0,0.31502639999999993,
experiment-1,rest-api-crud,completed,2026-04-13 20:17:13.232453,2026-04-13 20:17:13.232457,clojure,sonnet,beads,,1,0.0,0.0,0.0,0.0,0.0,0.0,0.0833,248.23787024800004,741625.0,0.5175232499999999,
experiment-1,rest-api-crud,completed,2026-04-13 20:17:54.549866,2026-04-13 20:17:54.549870,java,sonnet,none,,3,1.0,1.0,1.0,0.9592347506378833,0.88,0.5,0.0833,150.13709836099952,533988.0,0.34500539999999996,
experiment-1,rest-api-crud,completed,2026-04-13 20:20:59.429373,2026-04-13 20:20:59.429378,java,sonnet,beads,,2,1.0,1.0,1.0,0.9626875058161181,0.68,0.5,0.0,200.67881522599964,694976.0,0.40100775,
experiment-1,rest-api-crud,completed,2026-04-13 20:21:34.638226,2026-04-13 20:21:34.638231,clojure,opus,none,,1,0.8333333333333334,1.0,1.0,0.9478961151658073,0.85,0.5,0.25,154.72367057299925,350599.0,0.5177497500000001,
experiment-1,rest-api-crud,completed,2026-04-13 20:24:59.991918,2026-04-13 20:24:59.991923,clojure,sonnet,none,,1,0.0,0.0,0.0,0.0,0.0,0.0,0.0833,410.2342405679992,780404.0,0.6918741,
experiment-1,rest-api-crud,completed,2026-04-13 20:25:58.782524,2026-04-13 20:25:58.782527,java,sonnet,beads,,3,1.0,1.0,1.0,0.9666250260091654,0.88,0.5,0.0833,197.08372069800134,628355.0,0.3776328,
experiment-1,rest-api-crud,completed,2026-04-13 20:26:16.595425,2026-04-13 20:26:16.595430,clojure,sonnet,none,,2,0.8333333333333334,1.0,1.0,0.977805572938402,0.82,0.5,1.0,247.01752909300012,369747.0,0.4291006500000001,
experiment-1,rest-api-crud,completed,2026-04-13 20:30:12.943695,2026-04-13 20:30:12.943699,clojure,sonnet,beads,,2,0.8333333333333334,1.0,1.0,0.9713094414807214,0.78,0.5,0.0833,211.15160749700044,618307.0,0.43715550000000003,
experiment-1,rest-api-crud,completed,2026-04-13 20:30:16.348691,2026-04-13 20:30:16.348696,clojure,opus,none,,2,0.8333333333333334,1.0,1.0,0.9564003907594812,0.84,0.5,0.25,187.59519009399992,540001.0,0.64761325,
experiment-1,rest-api-crud,failed,2026-04-13 20:31:51.719724,2026-04-13 20:31:51.719728,clojure,sonnet,none,,3,0.0,,,,,,,273.1726533660003,846758.0,0.6030513000000001,
experiment-1,rest-api-crud,completed,2026-04-13 20:33:53.423535,2026-04-13 20:33:53.423539,clojure,opus,beads,,2,0.8333333333333334,1.0,1.0,0.9432598515648359,0.87,0.5,0.0833,186.82075266899847,601420.0,0.7251010000000001,
experiment-1,rest-api-crud,failed,2026-04-13 20:40:14.086531,2026-04-13 20:40:14.086535,clojure,sonnet,beads,,3,0.0,,,,,,,317.8628794549986,808887.0,0.60656685,
experiment-10-bookshop,rest-api-crud,completed,2026-06-09 21:54:37.139035,2026-06-09 21:54:37.139053,go,claude-fable-5,,,1,1.0,0.731,1.0,0.8941699475574163,0.87,0.04469900830339202,1.0,129.35774191698874,199557.0,0.904548,12.0
experiment-10-bookshop,rest-api-crud,completed,2026-06-09 21:57:21.323417,2026-06-09 21:57:21.323428,go,claude-fable-5,,,2,1.0,0.7340000000000001,1.0,0.8922580242740401,0.89,0.022149546603240672,1.0,149.14973220901447,403620.0,1.1636965,15.0
experiment-10-bookshop,rest-api-crud,completed,2026-06-09 22:00:24.191691,2026-06-09 22:00:24.191696,go,claude-fable-5,,,3,1.0,0.74,1.0,0.8922011307486043,0.94,0.022413280750265687,1.0,169.2708923750033,397086.0,1.2136815,16.0
experiment-10-bookshop,rest-api-crud,completed,2026-06-09 22:02:10.830571,2026-06-09 22:02:10.830583,python,claude-fable-5,,,1,0.6222222222222222,1.0,1.0,1.0,0.88,0.021053233243150556,1.0,92.05900204199133,209944.0,0.7104535,10.0
experiment-10-bookshop,rest-api-crud,completed,2026-06-09 22:04:17.962730,2026-06-09 22:04:17.962742,python,claude-fable-5,,,2,0.6222222222222222,1.0,1.0,1.0,0.72,0.01947641330466675,1.0,100.4195255000086,237210.0,0.7831355000000001,11.0
experiment-10-bookshop,rest-api-crud,completed,2026-06-09 22:06:11.935109,2026-06-09 22:06:11.935115,python,claude-fable-5,,,3,0.6666666666666666,0.95,1.0,0.2738458852221905,0.71,1.0,1.0,94.16041420798865,239486.0,0.7812170000000002,11.0
experiment-10-bookshop,rest-api-crud,completed,2026-06-09 22:09:41.931778,2026-06-09 22:09:41.931790,clojure,claude-fable-5,,,1,0.8333333333333334,1.0,1.0,0.9456264634083685,0.88,0.010538474731423872,1.0,193.0071677909873,483941.0,1.3647145,17.0
experiment-10-bookshop,rest-api-crud,completed,2026-06-09 22:12:51.274252,2026-06-09 22:12:51.274264,clojure,claude-fable-5,,,2,0.8333333333333334,1.0,1.0,0.948351257589438,0.85,0.011795222413010236,1.0,174.35940241700155,383206.0,1.2585464999999998,17.0
experiment-10-bookshop,rest-api-crud,completed,2026-06-09 22:16:22.001546,2026-06-09 22:16:22.001559,clojure,claude-fable-5,,,3,0.8333333333333334,1.0,1.0,0.9543260346465177,0.87,0.01217489065906193,1.0,193.96285733298282,364685.0,1.430664,16.0
experiment-10-bookshop,rest-api-crud,completed,2026-06-09 22:18:55.390299,2026-06-09 22:18:55.390313,rust,claude-fable-5,,,1,0.8333333333333334,1.0,1.0,0.7902249882479909,0.75,0.24577277461210356,1.0,137.4371057919925,301498.0,0.92176,12.0
experiment-10-bookshop,rest-api-crud,completed,2026-06-09 22:21:31.619442,2026-06-09 22:21:31.619458,rust,claude-fable-5,,,2,0.8333333333333334,1.0,1.0,0.792582010851946,0.7,0.22020224101717248,1.0,138.0424789589888,338507.0,1.008168,13.0
experiment-10-bookshop,rest-api-crud,completed,2026-06-09 22:24:16.457422,2026-06-09 22:24:16.457438,rust,claude-fable-5,,,3,0.8333333333333334,1.0,1.0,0.7707954270899019,0.58,0.2748565087344107,1.0,149.57494316698285,272142.0,1.0553665,13.0
experiment-10-brazil,brazil-soccer-mcp,completed,2026-06-10 08:15:56.208324,2026-06-10 08:15:56.208336,go,claude-fable-5,,BDD,1,1.0,0.8690000000000001,1.0,0.5274686079844345,0.88,0.011504435020194572,1.0,1024.4634363339865,3802012.0,9.057284000000001,44.0
experiment-10-brazil,brazil-soccer-mcp,completed,2026-06-10 08:33:47.054406,2026-06-10 08:33:47.054416,go,claude-fable-5,,BDD,2,1.0,0.884,1.0,0.5878787878787879,0.8,0.013572446181018948,1.0,1049.7310792089847,3308173.0,8.561396999999998,42.0
experiment-10-brazil,brazil-soccer-mcp,completed,2026-06-10 08:49:21.613818,2026-06-10 08:49:21.613831,go,claude-fable-5,,BDD,3,1.0,0.5840000000000001,1.0,0.6509855754402126,0.87,0.012185000601118951,1.0,919.4974568749894,3443578.0,8.1406845,47.0
experiment-10-brazil,brazil-soccer-mcp,completed,2026-06-10 09:05:48.401004,2026-06-10 09:05:48.401011,python,claude-fable-5,,BDD,1,0.6666666666666666,0.89,0.9999566195337901,0.28795966961348957,0.82,1.0,1.0,963.3348014999938,4358899.0,9.125545999999996,65.0
experiment-10-brazil,brazil-soccer-mcp,completed,2026-06-10 09:20:59.705095,2026-06-10 09:20:59.705105,python,claude-fable-5,,BDD,2,0.6666666666666666,0.96,1.0,0.2882919673940721,0.7,1.0,1.0,889.6064882079954,3213921.0,7.554865,54.0
experiment-10-brazil,brazil-soccer-mcp,completed,2026-06-10 09:37:04.152657,2026-06-10 09:37:04.152666,python,claude-fable-5,,BDD,3,1.0,0.96,1.0,0.2882152550370523,0.7,1.0,1.0,943.0049040839949,3455427.0,7.908553499999998,49.0
experiment-10-brazil,brazil-soccer-mcp,completed,2026-06-10 09:57:49.758610,2026-06-10 09:57:49.758624,clojure,claude-fable-5,,BDD,1,0.8333333333333334,1.0,1.0,0.7688481475313232,0.78,0.006752754675794569,1.0,1227.892875709018,4507790.0,9.8540645,59.0
experiment-10-brazil,brazil-soccer-mcp,completed,2026-06-10 10:18:25.194225,2026-06-10 10:18:25.194243,clojure,claude-fable-5,,BDD,2,0.8333333333333334,1.0,1.0,0.7879817263654335,0.78,0.005605697006297741,1.0,1216.0803272080084,4845071.0,10.161970499999999,59.0
experiment-10-brazil,brazil-soccer-mcp,completed,2026-06-10 10:36:09.256363,2026-06-10 10:36:09.256378,clojure,claude-fable-5,,BDD,3,0.8333333333333334,1.0,1.0,0.7612126317806341,0.87,0.00755696333279608,1.0,1046.257216124999,3766063.0,8.450035000000003,48.0
experiment-10-brazil,brazil-soccer-mcp,completed,2026-06-10 10:59:01.282646,2026-06-10 10:59:01.282658,rust,claude-fable-5,,BDD,1,0.8333333333333334,1.0,1.0,0.4763071058328374,0.88,0.0069498016036394685,1.0,1353.4007675829926,6788683.0,12.835885000000001,71.0
experiment-10-brazil,brazil-soccer-mcp,completed,2026-06-10 11:15:41.347154,2026-06-10 11:15:41.347168,rust,claude-fable-5,,BDD,2,0.8333333333333334,1.0,0.9738675958188153,0.55906432748538,0.87,0.010193485392783141,1.0,983.7962083339808,3772998.0,8.838478999999998,55.0
experiment-10-brazil,brazil-soccer-mcp,completed,2026-06-10 11:30:02.553543,2026-06-10 11:30:02.553555,rust,claude-fable-5,,BDD,3,0.8333333333333334,1.0,1.0,0.4737566137566138,0.88,0.011847475599136712,1.0,846.814654249989,3038622.0,7.2143905,44.0
experiment-12-bookshop,rest-api-crud,failed,2026-06-10 19:40:19.396952,2026-06-10 19:40:19.396959,go,,,,1,0.0,0.0,0.0,0.0,0.0,0.0,,34.465543124999385,5080.0,0.0,
experiment-13,brazil-soccer-mcp,completed,2026-06-11 09:36:52.995670,2026-06-11 09:36:52.995680,go,sonnet,,neutral,1,1.0,0.877,1.0,0.5046142508928065,0.83,0.008783377506973273,1.0,611.3727173340158,4089543.0,2.2815713999999994,68.0
experiment-13,brazil-soccer-mcp,completed,2026-06-11 10:11:57.149655,2026-06-11 10:11:57.149670,go,sonnet,,TDD,1,1.0,0.787,1.0,0.5833060556464812,0.7,0.0038778341721316754,1.0,2086.5472666249843,10959726.0,6.3055641,114.0
experiment-13,brazil-soccer-mcp,completed,2026-06-11 10:25:27.357832,2026-06-11 10:25:27.357837,go,sonnet,,ATDD,1,1.0,0.134,1.0,0.4898804724663732,0.58,0.07094766870394868,0.9167,796.7403782500187,405933.0,2.1313955499999997,19.0
experiment-13,brazil-soccer-mcp,completed,2026-06-11 10:55:22.567509,2026-06-11 10:55:22.567517,go,opus-4.8-fast,,neutral,1,1.0,0.6526666666666666,1.0,0.5448911466725409,0.76,0.004407010346060488,1.0,1780.594154499995,13251614.0,23.970533000000003,98.0
experiment-13,brazil-soccer-mcp,completed,2026-06-11 11:07:13.763920,2026-06-11 11:07:13.763935,go,opus-4.8-fast,,TDD,1,1.0,0.868,1.0,0.7147842885949416,0.75,0.01118693507318672,1.0,698.6841310409945,3169769.0,7.387996,53.0
experiment-13,brazil-soccer-mcp,completed,2026-06-11 11:32:33.895109,2026-06-11 11:32:33.895119,go,opus-4.8-fast,,ATDD,1,1.0,0.33724999999999994,1.0,0.6052994840865659,0.88,0.008039910338249915,1.0,1506.374538041011,7164259.0,15.677865000000004,67.0
experiment-13,brazil-soccer-mcp,completed,2026-06-11 11:45:04.901083,2026-06-11 11:45:04.901094,python,sonnet,,neutral,1,0.6666666666666666,1.0,0.868995633187773,0.5719489516709017,0.32,0.00827599434202009,1.0,733.6720729169901,2085550.0,1.7841934,37.0
experiment-13,brazil-soccer-mcp,completed,2026-06-11 11:55:15.004419,2026-06-11 11:55:15.004432,python,sonnet,,TDD,1,0.6666666666666666,1.0,0.8676293622141997,0.7875571972401879,0.68,0.01020561624531108,1.0,593.1386719589937,3231554.0,1.9548253,62.0
experiment-13,brazil-soccer-mcp,completed,2026-06-11 12:08:44.914170,2026-06-11 12:08:44.914183,python,sonnet,,ATDD,1,0.6666666666666666,1.0,1.0,0.6552046660666246,0.58,0.005046107623256973,1.0,785.3546320830355,3796986.0,2.3102194999999996,67.0
experiment-13,brazil-soccer-mcp,completed,2026-06-11 12:27:53.899230,2026-06-11 12:27:53.899243,python,opus-4.8-fast,,neutral,1,0.6666666666666666,1.0,1.0,0.5106263706020194,0.88,0.006003592829728392,1.0,1133.3368757499848,5146918.0,11.439205999999995,68.0
experiment-13,brazil-soccer-mcp,completed,2026-06-11 12:45:04.656695,2026-06-11 12:45:04.656720,python,opus-4.8-fast,,TDD,1,0.6666666666666666,0.96,0.0,0.7145735287959037,0.87,0.0042964474173963095,1.0,1016.2322965419735,5902551.0,11.031517000000001,82.0
experiment-13,brazil-soccer-mcp,completed,2026-06-11 13:00:47.525849,2026-06-11 13:00:47.525855,python,opus-4.8-fast,,ATDD,1,0.6666666666666666,0.97,1.0,0.288382936939813,0.68,1.0,1.0,922.575694166997,4131771.0,9.062900999999998,57.0
experiment-13,brazil-soccer-mcp,completed,2026-06-11 14:09:20.358141,2026-06-11 14:09:20.358152,go,sonnet,,ATDD,2,1.0,0.84,1.0,0.49448396925869637,0.88,0.01773355918444018,0.9167,857.5594818750396,1522537.0,1.5564665999999994,33.0
experiment-13,brazil-soccer-mcp,completed,2026-06-11 14:10:09.591844,2026-06-11 14:10:09.591861,go,sonnet,,TDD,2,1.0,0.647,1.0,0.628563597584065,0.6,0.07514130189995441,1.0,761.2439541660133,364114.0,1.7592369,14.0
experiment-13,brazil-soccer-mcp,completed,2026-06-11 14:15:40.731790,2026-06-11 14:15:40.731798,go,opus-4.8-fast,,TDD,2,1.0,0.585,1.0,0.8167270274640887,0.78,0.006271822733179494,1.0,1095.4715315829962,7025071.0,12.822175000000003,89.0
experiment-13,brazil-soccer-mcp,completed,2026-06-11 14:16:35.073077,2026-06-11 14:16:35.073089,python,sonnet,,TDD,2,0.6666666666666666,1.0,0.9011124845488258,0.9201929117945986,0.62,0.03467675334334092,1.0,417.1877663329942,438334.0,1.01049995,18.0
experiment-13,brazil-soccer-mcp,completed,2026-06-11 14:16:53.301403,2026-06-11 14:16:53.301419,go,sonnet,,neutral,2,1.0,0.62,1.0,0.44876085504904745,0.86,0.007869227876449754,1.0,1163.5351091669872,5344870.0,3.2853948,69.0
experiment-13,brazil-soccer-mcp,completed,2026-06-11 14:16:58.164510,2026-06-11 14:16:58.164523,python,sonnet,,neutral,2,0.6666666666666666,1.0,0.6951219512195121,0.6437103872264865,0.8,0.014513529492755384,1.0,387.77852862497093,1234710.0,1.0009230999999998,27.0
experiment-13,brazil-soccer-mcp,completed,2026-06-11 14:27:32.298881,2026-06-11 14:27:32.298896,go,sonnet,,TDD,3,1.0,0.62775,1.0,0.644000944096104,0.72,0.008483030984720702,1.0,614.2783550409949,3555333.0,1.9146284999999998,71.0
experiment-13,brazil-soccer-mcp,completed,2026-06-11 14:30:42.602422,2026-06-11 14:30:42.602437,python,opus-4.8-fast,,TDD,2,0.6666666666666666,0.93,0.0,0.7495507760821769,0.82,0.006364772109568616,1.0,884.2434297919972,4273523.0,8.787083,66.0
experiment-13,brazil-soccer-mcp,completed,2026-06-11 14:36:03.425081,2026-06-11 14:36:03.425100,go,sonnet,,neutral,3,1.0,0.841,1.0,0.5137008915523803,0.78,0.006954638147334321,1.0,1143.2366706249886,5768812.0,3.3088972000000005,77.0
experiment-13,brazil-soccer-mcp,completed,2026-06-11 14:37:22.468673,2026-06-11 14:37:22.468683,go,opus-4.8-fast,,neutral,2,1.0,0.6485,1.0,0.49769108180819094,0.88,0.0067076783700250045,1.0,1214.2138587500085,6556665.0,13.208965999999997,79.0
experiment-13,brazil-soccer-mcp,completed,2026-06-11 14:43:10.236244,2026-06-11 14:43:10.236257,python,sonnet,,neutral,3,0.6666666666666666,1.0,0.41696113074204955,0.6405187785355276,0.7,0.014562234641097651,1.0,410.8210566249909,1480542.0,1.1049868,37.0
experiment-13,brazil-soccer-mcp,completed,2026-06-11 14:43:35.578354,2026-06-11 14:43:35.578366,python,opus-4.8-fast,,ATDD,2,0.6666666666666666,0.46,0.9229287090558767,0.7956490282544056,0.72,0.010384777348789757,1.0,754.4524651250103,2904251.0,6.947752000000002,47.0
experiment-13,brazil-soccer-mcp,completed,2026-06-11 14:45:31.772986,2026-06-11 14:45:31.772999,go,sonnet,,ATDD,3,1.0,0.77,1.0,0.45958959925246146,0.76,0.05996660088052225,1.0,1062.1285462920205,500612.0,2.125372650000001,14.0
experiment-13,brazil-soccer-mcp,completed,2026-06-11 14:56:53.702958,2026-06-11 14:56:53.702967,go,opus-4.8-fast,,ATDD,2,1.0,0.3213333333333333,1.0,0.6693555404103915,0.88,0.007844925813536113,1.0,1156.381799832976,5200814.0,11.370024999999995,60.0
experiment-13,brazil-soccer-mcp,completed,2026-06-11 15:02:35.534984,2026-06-11 15:02:35.534991,python,opus-4.8-fast,,neutral,3,0.6666666666666666,0.92,1.0,0.28804511891980517,0.68,1.0,1.0,1145.2775922919973,5183707.0,11.181095999999998,65.0
experiment-13,brazil-soccer-mcp,completed,2026-06-11 15:04:43.253302,2026-06-11 15:04:43.253310,go,opus-4.8-fast,,TDD,3,1.0,0.5663333333333334,1.0,0.7919436860917389,0.86,0.00558476735222933,1.0,1134.6499984170077,7699515.0,14.630122999999992,87.0
experiment-13,brazil-soccer-mcp,completed,2026-06-11 15:06:02.377223,2026-06-11 15:06:02.377234,go,opus-4.8-fast,,neutral,3,1.0,0.4053333333333334,1.0,0.5947261570150536,0.87,0.0057036490516579165,1.0,1336.0753026670427,7244485.0,14.574409999999993,80.0
experiment-13,brazil-soccer-mcp,completed,2026-06-11 15:06:33.214246,2026-06-11 15:06:33.214259,python,sonnet,,ATDD,2,0.6666666666666666,1.0,0.2768361581920904,0.7348771923457494,0.68,0.00848980300834324,1.0,564.7110083340085,1842210.0,1.4251494000000002,38.0
experiment-13,brazil-soccer-mcp,completed,2026-06-11 15:11:31.109534,2026-06-11 15:11:31.109550,python,sonnet,,TDD,3,0.6666666666666666,1.0,0.845708775313404,0.8459587597307016,0.82,0.01538696372864637,1.0,310.91744554095203,1303701.0,0.9296962,32.0
experiment-13,brazil-soccer-mcp,completed,2026-06-11 15:20:23.275439,2026-06-11 15:20:23.275451,python,opus-4.8-fast,,neutral,2,0.6666666666666666,1.0,0.9748743718592965,0.5559553555008577,0.88,0.008285863387240045,1.0,812.1119034590083,3635107.0,8.350764,55.0
experiment-13,brazil-soccer-mcp,completed,2026-06-11 15:23:54.027990,2026-06-11 15:23:54.027996,python,opus-4.8-fast,,TDD,3,0.6666666666666666,0.95,0.0,0.8066433616650986,0.2,0.003989374879112289,1.0,1260.56666266697,7770641.0,15.148574000000002,98.0
experiment-13,brazil-soccer-mcp,completed,2026-06-11 15:24:21.179666,2026-06-11 15:24:21.179678,python,sonnet,,ATDD,3,0.6666666666666666,1.0,0.9626517273576097,0.6311355311355311,0.76,0.008988494173183249,1.0,755.6214705840102,2164990.0,1.7971499000000002,50.0
experiment-13,brazil-soccer-mcp,completed,2026-06-11 15:27:37.941988,2026-06-11 15:27:37.942002,go,opus-4.8-fast,,ATDD,3,1.0,0.8370000000000001,1.0,0.5887733332390159,0.88,0.005411055196008594,1.0,1359.6918091670377,7702749.0,15.610839999999996,73.0
experiment-13,brazil-soccer-mcp,completed,2026-06-11 15:37:01.207891,2026-06-11 15:37:01.207904,python,opus-4.8-fast,,ATDD,3,0.6666666666666666,0.93,0.3870402802101576,0.6659284323062206,0.45,0.006835527382318515,1.0,772.2194450419629,3133628.0,7.863564,47.0
experiment-2,brazil-soccer-mcp,completed,2026-04-13 21:30:44.875129,2026-04-13 21:30:44.875133,python,sonnet,none,BDD,1,0.6666666666666666,0.96,0.9052880820836622,0.5662004662004662,0.77,0.027652169364989307,0.9166666666666666,328.88201376800134,879497.0,0.7158078,
experiment-2,brazil-soccer-mcp,failed,2026-04-13 22:26:18.751270,2026-04-13 22:26:18.751275,java,sonnet,none,BDD,1,1.0,1.0,1.0,0.525269582913451,0.78,0.00859071211472288,,779.6715932029983,4013637.0,2.3117434,61.0
experiment-2,brazil-soccer-mcp,completed,2026-04-13 22:42:13.563541,2026-04-13 22:42:13.563545,python,opus,none,BDD,1,0.6666666666666666,0.8,0.9644128113879004,0.46592099352156785,0.79,0.018798934038465512,1.0,149.28589630200076,580884.0,0.7255997500000001,16.0
experiment-2,brazil-soccer-mcp,completed,2026-04-13 22:45:38.269662,2026-04-13 22:45:38.269667,python,opus,beads,BDD,1,0.6666666666666666,0.85,0.6802325581395349,0.6171392318233078,0.68,0.008293465635028448,1.0,348.7832363519992,1625376.0,1.7258697499999998,44.0
experiment-2,brazil-soccer-mcp,completed,2026-04-13 22:45:51.174118,2026-04-13 22:45:51.174123,typescript,sonnet,beads,BDD,1,0.7333333333333334,1.0,1.0,0.5778966807228157,0.67,0.5,1.0,361.8989301319998,1556688.0,0.9246295499999999,43.0
experiment-2,brazil-soccer-mcp,completed,2026-04-13 22:47:33.312889,2026-04-13 22:47:33.312894,typescript,opus,none,BDD,1,0.0,0.0,0.0,0.0,0.0,0.0,1.0,187.52346417399895,919663.0,1.0130405,23.0
experiment-2,brazil-soccer-mcp,completed,2026-04-13 22:48:01.050259,2026-04-13 22:48:01.050264,python,sonnet,beads,BDD,1,0.6666666666666666,0.97,0.8486281929990539,0.6137523413766508,0.76,0.009394957188135673,1.0,482.76138146499943,2113900.0,1.2469279500000001,49.0
experiment-2,brazil-soccer-mcp,completed,2026-04-13 22:49:18.762188,2026-04-13 22:49:18.762193,rust,opus,none,BDD,1,0.8333333333333334,1.0,0.9758162031438936,0.49483490717138084,0.78,0.5,0.8333,174.66953853800078,593895.0,0.8660215000000001,16.0
experiment-2,brazil-soccer-mcp,completed,2026-04-13 22:52:04.433498,2026-04-13 22:52:04.433503,typescript,opus,beads,BDD,1,0.0,0.0,0.0,0.0,0.0,0.0,0.9167,204.78332309899997,1022265.0,1.0674709999999998,27.0
experiment-2,brazil-soccer-mcp,completed,2026-04-13 22:54:08.183007,2026-04-13 22:54:08.183012,clojure,opus,none,BDD,1,0.8333333333333334,1.0,1.0,0.7679495483121799,0.78,0.5,0.9167,178.23385336900174,630222.0,0.80904525,17.0
experiment-2,brazil-soccer-mcp,failed,2026-04-13 22:54:55.830731,2026-04-13 22:54:55.830736,go,sonnet,beads,BDD,1,1.0,0.579,1.0,0.5079347718511342,0.72,0.011677824113857841,,506.8378137590007,3180387.0,1.7239623499999999,61.0
experiment-2,brazil-soccer-mcp,completed,2026-04-13 22:57:24.655464,2026-04-13 22:57:24.655468,go,opus,none,BDD,1,1.0,0.423,1.0,0.7007676653910577,0.72,0.01885664309889636,0.9167,273.5446939090034,1098817.0,1.3871597500000001,24.0
experiment-2,brazil-soccer-mcp,completed,2026-04-13 22:57:32.061574,2026-04-13 22:57:32.061579,typescript,sonnet,none,BDD,1,0.7333333333333334,0.9605,1.0,0.5531276497347498,0.68,1.0,1.0,274.4852746800025,797512.0,0.7091845499999998,24.0
experiment-2,brazil-soccer-mcp,completed,2026-04-13 23:02:36.391886,2026-04-13 23:02:36.391891,go,opus,beads,BDD,1,1.0,0.33324999999999994,1.0,0.5459672567532606,0.67,0.0442488228584798,0.9167,268.72250457000337,683860.0,1.2266922500000002,28.0
experiment-2,brazil-soccer-mcp,completed,2026-04-13 23:03:58.147207,2026-04-13 23:03:58.147212,rust,opus,beads,BDD,1,0.8333333333333334,1.0,0.9271137026239067,0.43883175813668446,0.78,0.5,0.14285714285714285,350.3147270110021,1108771.0,1.5749187499999997,32.0
experiment-2,brazil-soccer-mcp,completed,2026-04-13 23:24:53.684592,2026-04-13 23:24:53.684596,go,sonnet,none,BDD,1,1.0,0.769,1.0,0.4718089093360243,0.55,0.021865955460451055,0.9167,425.70404746400163,1540294.0,1.1781928,30.0
experiment-2,brazil-soccer-mcp,completed,2026-04-13 23:25:31.039606,2026-04-13 23:25:31.039610,rust,sonnet,none,BDD,1,0.8333333333333334,1.0,0.9892588614393125,0.21928205128205125,0.78,0.5,1.0,471.0110405960004,209825.0,1.14389055,9.0
experiment-2,brazil-soccer-mcp,completed,2026-04-13 23:26:36.721779,2026-04-13 23:26:36.721782,rust,sonnet,beads,BDD,1,0.8333333333333334,0.33333333333333326,0.874037788663401,0.1826123138338707,0.77,0.5,0.14285714285714285,532.5035404339978,491969.0,1.1086549,17.0
experiment-2,brazil-soccer-mcp,completed,2026-04-13 23:31:55.018046,2026-04-13 23:31:55.018050,java,opus,none,BDD,1,1.0,1.0,1.0,0.7068135301615944,0.48,0.5,1.0,218.0492779870001,965345.0,1.256035,24.0
experiment-2,brazil-soccer-mcp,completed,2026-04-13 23:32:15.429484,2026-04-13 23:32:15.429488,clojure,opus,beads,BDD,1,0.8333333333333334,1.0,1.0,0.7881149605724085,0.78,0.009171140232915338,0.9167,342.5264769259993,1391321.0,1.3911665,34.0
experiment-2,brazil-soccer-mcp,completed,2026-04-13 23:33:36.102517,2026-04-13 23:33:36.102521,clojure,sonnet,beads,BDD,1,0.8333333333333334,1.0,1.0,0.7062141750041068,0.65,0.010773031217507058,1.0,410.30929307800034,1811932.0,1.02884335,49.0
experiment-2,brazil-soccer-mcp,completed,2026-04-13 23:38:37.225827,2026-04-13 23:38:37.225831,java,opus,beads,BDD,1,1.0,1.0,1.0,0.689000322144809,0.58,0.5,0.9,340.6408734700017,1669932.0,1.7525562500000005,39.0
experiment-2,brazil-soccer-mcp,completed,2026-04-13 23:41:03.044276,2026-04-13 23:41:03.044281,clojure,sonnet,none,BDD,1,0.8333333333333334,1.0,1.0,0.699944633910151,0.77,0.5,0.9583,436.5858163369994,1920625.0,1.1248502999999999,45.0
experiment-2,brazil-soccer-mcp,completed,2026-04-13 23:51:32.727074,2026-04-13 23:51:32.727078,java,sonnet,beads,BDD,1,1.0,1.0,1.0,0.8048993452382242,0.7,0.5,0.0,673.9992432500003,2779597.0,1.83553625,57.0
experiment-3,brazil-soccer-mcp,completed,2026-05-21 14:46:35.387200,2026-05-21 14:46:35.387205,rust,claude-opus-4-7,beads,BDD,2,0.8333333333333334,1.0,1.0,0.4740466758293584,0.87,0.5,,1217.7284607319998,4620228.0,5.312417750000001,52.0
experiment-3,brazil-soccer-mcp,completed,2026-05-21 15:03:14.126607,2026-05-21 15:03:14.126612,java,claude-opus-4-6,none,BDD,1,1.0,1.0,1.0,0.86977268320201,0.7,0.5,,811.2513600469993,3659358.0,3.5388790000000006,60.0
experiment-3,brazil-soccer-mcp,completed,2026-05-21 13:36:26.551958,2026-05-21 13:36:26.551963,python,claude-opus-4-6,none,BDD,1,0.6666666666666666,0.98,0.8222222222222222,0.6890478784282417,0.52,0.02241002375462518,1.0,301.01479283699973,803212.0,1.0651562499999998,40.0
experiment-3,brazil-soccer-mcp,completed,2026-05-21 13:48:25.330247,2026-05-21 13:48:25.330251,typescript,claude-opus-4-6,beads,BDD,1,0.7333333333333334,1.0,1.0,0.3333333333333333,0.72,0.5,1.0,424.68492091499957,1743636.0,1.65475875,50.0
experiment-3,brazil-soccer-mcp,completed,2026-05-21 13:56:16.261093,2026-05-21 13:56:16.261098,typescript,claude-opus-4-6,beads,BDD,2,0.7333333333333334,1.0,1.0,0.5392873643857055,0.38,0.5,1.0,355.47411803399973,1095410.0,1.2980824999999998,34.0
experiment-3,brazil-soccer-mcp,completed,2026-05-21 14:20:48.446793,2026-05-21 14:20:48.446797,go,claude-opus-4-7,none,BDD,2,1.0,0.861,1.0,0.6530792709632068,0.88,0.006680801538704282,1.0,1295.9306345189998,6603998.0,6.914227750000001,66.0
experiment-3,brazil-soccer-mcp,completed,2026-05-21 13:07:10.957480,2026-05-21 13:07:10.957485,python,claude-opus-4-6,none,BDD,1,0.6666666666666666,0.96,0.9532710280373832,0.6256410256410256,0.38,0.030569396802285095,,235.36701730799996,538447.0,0.8035930000000001,22.0
experiment-3,brazil-soccer-mcp,completed,2026-05-21 13:16:59.108685,2026-05-21 13:16:59.108691,typescript,claude-opus-4-6,beads,BDD,1,0.7333333333333334,1.0,1.0,0.6671723915204297,0.72,0.5,,425.55649779700025,1798252.0,1.7446945,48.0
experiment-3,brazil-soccer-mcp,completed,2026-05-21 13:37:23.045313,2026-05-21 13:37:23.045317,python,claude-opus-4-6,none,BDD,2,0.6666666666666666,0.75,0.9453551912568307,0.40976287642698156,0.78,0.016113286086771806,0.9167,402.7915952960002,908567.0,1.077824,27.0
experiment-3,brazil-soccer-mcp,completed,2026-05-21 14:04:24.403189,2026-05-21 14:04:24.403195,go,claude-opus-4-7,none,BDD,1,1.0,0.765,1.0,0.5172981138255149,0.82,0.005322479867267468,1.0,1474.1124048499996,8620042.0,9.352945250000001,84.0
experiment-3,brazil-soccer-mcp,completed,2026-05-21 14:55:19.313973,2026-05-21 14:55:19.313977,clojure,claude-opus-4-7,beads,BDD,1,0.8333333333333334,1.0,1.0,0.667577033619822,0.87,0.5,,1238.0731213220006,4389693.0,4.805053999999998,56.0
experiment-3,brazil-soccer-mcp,completed,2026-05-21 14:09:11.512243,2026-05-21 14:09:11.512247,java,claude-opus-4-6,none,BDD,2,1.0,1.0,1.0,0.7168667305415793,0.77,0.5,1.0,730.9498556009994,1285357.0,2.20834125,29.0
experiment-3,brazil-soccer-mcp,completed,2026-05-21 15:07:20.134506,2026-05-21 15:07:20.134511,rust,claude-opus-4-7,beads,BDD,1,0.8333333333333334,1.0,1.0,0.48201237145742043,0.87,0.5,,1779.2956099450003,10526048.0,9.369623249999997,87.0
experiment-3,brazil-soccer-mcp,completed,2026-05-21 15:32:06.901083,2026-05-21 15:32:06.901087,clojure,claude-opus-4-7,beads,BDD,2,0.8333333333333334,1.0,1.0,0.6990347820561946,0.84,0.5,,1266.9616074430014,5624409.0,5.79903725,59.0
experiment-4,brazil-soccer-mcp,completed,2026-05-29 18:36:53.461526,2026-05-29 18:36:53.461535,go,claude-opus-4-8,none,BDD,1,1.0,0.4086666666666667,1.0,0.5905340320553515,0.47,0.0059735069974858526,1.0,1134.8916185419075,7014305.0,6.568259749999999,83.0
experiment-4,brazil-soccer-mcp,completed,2026-05-29 18:54:53.735844,2026-05-29 18:54:53.735852,go,claude-opus-4-8,none,BDD,2,1.0,0.47975,1.0,0.580511428139585,0.88,0.008920579619903458,1.0,972.1672322503291,4959319.0,5.122211249999999,60.0
experiment-4,brazil-soccer-mcp,completed,2026-05-29 19:13:08.607300,2026-05-29 19:13:08.607317,python,claude-opus-4-8,beads,BDD,1,0.8333333333333334,0.92,1.0,0.2912794227632372,0.78,1.0,1.0,962.4201016249135,6146871.0,5.460314999999999,79.0
experiment-4,brazil-soccer-mcp,completed,2026-05-29 19:32:19.374173,2026-05-29 19:32:19.374183,python,claude-opus-4-8,beads,BDD,2,0.8333333333333334,0.8,1.0,0.6051124641295361,0.7,1.0,1.0,956.4664870421402,5045227.0,4.92555475,66.0
experiment-4,brazil-soccer-mcp,completed,2026-05-29 19:52:54.103529,2026-05-29 19:52:54.103548,clojure,claude-opus-4-8,none,BDD,1,0.8333333333333334,1.0,1.0,0.6421301191376171,0.9,0.005860536081872363,1.0,1099.1600059578195,5344221.0,5.413007250000001,62.0
experiment-4,brazil-soccer-mcp,completed,2026-05-29 20:10:43.642001,2026-05-29 20:10:43.642015,clojure,claude-opus-4-8,none,BDD,2,0.8333333333333334,1.0,1.0,0.663665297094369,0.82,0.006036893391879809,1.0,995.7001113747247,4565262.0,4.663790499999998,58.0
experiment-5,brazil-soccer-mcp,completed,2026-05-30 09:48:02.259756,2026-05-30 09:48:02.259775,python,claude-opus-4-7,none,BDD,1,0.8333333333333334,0.93,1.0,0.6023986438840665,0.77,1.0,1.0,657.0776932919398,4300377.0,3.7550377500000005,59.0
experiment-5,brazil-soccer-mcp,completed,2026-05-30 09:50:21.011532,2026-05-30 09:50:21.011542,python,claude-opus-4-7,none,BDD,2,0.8333333333333334,0.94,1.0,0.602455430736445,0.78,1.0,1.0,793.5709665422328,3433698.0,4.319028,73.0
experiment-5,brazil-soccer-mcp,completed,2026-05-30 09:51:09.594013,2026-05-30 09:51:09.594027,python,claude-opus-4-7,none,BDD,3,0.8333333333333334,0.93,1.0,0.28795853183373465,0.57,1.0,1.0,844.1648677499034,7247228.0,5.852890500000001,85.0
experiment-5,brazil-soccer-mcp,failed,2026-05-31 07:59:32.223565,2026-05-31 07:59:32.223572,rust,claude-opus-4-8,beads,BDD,2,0.0,0.0,0.0,0.0,0.0,0.0,,1.3876284998841584,,0.0,1.0
experiment-5,brazil-soccer-mcp,failed,2026-05-31 07:59:33.615508,2026-05-31 07:59:33.615517,rust,claude-opus-4-8,beads,BDD,3,0.0,0.0,0.0,0.0,0.0,0.0,,1.3353137923404574,,0.0,1.0
experiment-5,brazil-soccer-mcp,failed,2026-05-31 07:59:36.928692,2026-05-31 07:59:36.928699,java,claude-opus-4-7,none,BDD,1,0.0,0.0,0.0,0.0,0.0,0.0,,1.3047119998373091,,0.0,1.0
experiment-5,brazil-soccer-mcp,failed,2026-05-31 07:59:40.079141,2026-05-31 07:59:40.079147,java,claude-opus-4-7,none,BDD,2,0.0,0.0,0.0,0.0,0.0,0.0,,1.3254858343861997,,0.0,1.0
experiment-5,brazil-soccer-mcp,failed,2026-05-31 07:59:43.573509,2026-05-31 07:59:43.573515,java,claude-opus-4-7,none,BDD,3,0.0,0.0,0.0,0.0,0.0,0.0,,1.5387068749405444,,0.0,1.0
experiment-5,brazil-soccer-mcp,failed,2026-05-31 07:59:47.269373,2026-05-31 07:59:47.269379,java,claude-opus-4-7,beads,BDD,1,0.0,0.0,0.0,0.0,0.0,0.0,,1.8593203336931765,,0.0,1.0
experiment-5,brazil-soccer-mcp,failed,2026-05-31 07:59:50.414271,2026-05-31 07:59:50.414277,java,claude-opus-4-7,beads,BDD,2,0.0,0.0,0.0,0.0,0.0,0.0,,1.2739340420812368,,0.0,1.0
experiment-5,brazil-soccer-mcp,failed,2026-05-31 07:59:53.532451,2026-05-31 07:59:53.532456,java,claude-opus-4-7,beads,BDD,3,0.0,0.0,0.0,0.0,0.0,0.0,,1.1421759170480072,,0.0,1.0
experiment-5,brazil-soccer-mcp,failed,2026-05-31 07:59:56.684476,2026-05-31 07:59:56.684483,java,claude-opus-4-8,none,BDD,1,0.0,0.0,0.0,0.0,0.0,0.0,,1.3095799996517599,,0.0,1.0
experiment-5,brazil-soccer-mcp,failed,2026-05-31 07:59:59.817557,2026-05-31 07:59:59.817563,java,claude-opus-4-8,none,BDD,2,0.0,0.0,0.0,0.0,0.0,0.0,,1.1623215829022229,,0.0,1.0
experiment-5,brazil-soccer-mcp,failed,2026-05-31 08:00:03.049741,2026-05-31 08:00:03.049749,java,claude-opus-4-8,none,BDD,3,0.0,0.0,0.0,0.0,0.0,0.0,,1.3876363327726722,,0.0,1.0
experiment-5,brazil-soccer-mcp,failed,2026-05-31 08:00:06.330922,2026-05-31 08:00:06.330929,java,claude-opus-4-8,beads,BDD,1,0.0,0.0,0.0,0.0,0.0,0.0,,1.4624810828827322,,0.0,1.0
experiment-5,brazil-soccer-mcp,failed,2026-05-31 08:00:09.355321,2026-05-31 08:00:09.355328,java,claude-opus-4-8,beads,BDD,2,0.0,0.0,0.0,0.0,0.0,0.0,,1.173602624796331,,0.0,1.0
experiment-5,brazil-soccer-mcp,failed,2026-05-31 08:00:12.445584,2026-05-31 08:00:12.445591,java,claude-opus-4-8,beads,BDD,3,0.0,0.0,0.0,0.0,0.0,0.0,,1.231204583775252,,0.0,1.0
experiment-5,brazil-soccer-mcp,failed,2026-05-31 08:00:15.975077,2026-05-31 08:00:15.975083,clojure,claude-opus-4-7,none,BDD,1,0.0,0.0,0.0,0.0,0.0,0.0,,2.157505167182535,,0.0,1.0
experiment-5,brazil-soccer-mcp,failed,2026-05-31 08:00:18.760647,2026-05-31 08:00:18.760654,clojure,claude-opus-4-7,none,BDD,2,0.0,0.0,0.0,0.0,0.0,0.0,,1.4756023338995874,,0.0,1.0
experiment-5,brazil-soccer-mcp,failed,2026-05-31 08:00:21.517651,2026-05-31 08:00:21.517657,clojure,claude-opus-4-7,none,BDD,3,0.0,0.0,0.0,0.0,0.0,0.0,,1.2550196251831949,,0.0,1.0
experiment-5,brazil-soccer-mcp,failed,2026-05-31 08:00:24.128430,2026-05-31 08:00:24.128436,clojure,claude-opus-4-7,beads,BDD,1,0.0,0.0,0.0,0.0,0.0,0.0,,1.3058273331262171,,0.0,1.0
experiment-5,brazil-soccer-mcp,failed,2026-05-31 08:00:27.199966,2026-05-31 08:00:27.199981,clojure,claude-opus-4-7,beads,BDD,2,0.0,0.0,0.0,0.0,0.0,0.0,,1.679477958008647,,0.0,1.0
experiment-5,brazil-soccer-mcp,failed,2026-05-31 08:00:30.273819,2026-05-31 08:00:30.273826,clojure,claude-opus-4-7,beads,BDD,3,0.0,0.0,0.0,0.0,0.0,0.0,,1.582109541632235,,0.0,1.0
experiment-5,brazil-soccer-mcp,failed,2026-05-31 08:00:33.114558,2026-05-31 08:00:33.114563,clojure,claude-opus-4-8,none,BDD,1,0.0,0.0,0.0,0.0,0.0,0.0,,1.5169177502393723,,0.0,1.0
experiment-5,brazil-soccer-mcp,failed,2026-05-31 08:00:35.660359,2026-05-31 08:00:35.660365,clojure,claude-opus-4-8,none,BDD,2,0.0,0.0,0.0,0.0,0.0,0.0,,1.2603310830891132,,0.0,1.0
experiment-5,brazil-soccer-mcp,failed,2026-05-31 08:00:38.286220,2026-05-31 08:00:38.286226,clojure,claude-opus-4-8,none,BDD,3,0.0,0.0,0.0,0.0,0.0,0.0,,1.156693666242063,,0.0,1.0
experiment-5,brazil-soccer-mcp,failed,2026-05-31 08:00:41.157827,2026-05-31 08:00:41.157832,clojure,claude-opus-4-8,beads,BDD,1,0.0,0.0,0.0,0.0,0.0,0.0,,1.5604827501811087,,0.0,1.0
experiment-5,brazil-soccer-mcp,failed,2026-05-31 08:00:44.080562,2026-05-31 08:00:44.080567,clojure,claude-opus-4-8,beads,BDD,2,0.0,0.0,0.0,0.0,0.0,0.0,,1.4618150829337537,,0.0,1.0
experiment-5,brazil-soccer-mcp,failed,2026-05-31 08:00:46.795643,2026-05-31 08:00:46.795650,clojure,claude-opus-4-8,beads,BDD,3,0.0,0.0,0.0,0.0,0.0,0.0,,1.2716479999944568,,0.0,1.0
experiment-5,brazil-soccer-mcp,failed,2026-05-31 12:38:11.160436,2026-05-31 12:38:11.160439,rust,claude-opus-4-7,none,BDD,1,0.0,0.0,0.0,0.0,0.0,0.0,,1.326289042364806,,0.0,1.0
experiment-5,brazil-soccer-mcp,failed,2026-05-31 12:38:12.368795,2026-05-31 12:38:12.368798,rust,claude-opus-4-7,none,BDD,2,0.0,0.0,0.0,0.0,0.0,0.0,,1.162461332976818,,0.0,1.0
experiment-5,brazil-soccer-mcp,failed,2026-05-31 12:38:13.727325,2026-05-31 12:38:13.727329,rust,claude-opus-4-7,none,BDD,3,0.0,0.0,0.0,0.0,0.0,0.0,,1.3044680417515337,,0.0,1.0
experiment-5,brazil-soccer-mcp,failed,2026-05-31 12:38:14.974992,2026-05-31 12:38:14.974996,rust,claude-opus-4-7,beads,BDD,1,0.0,0.0,0.0,0.0,0.0,0.0,,1.1993513749912381,,0.0,1.0
experiment-5,brazil-soccer-mcp,failed,2026-05-31 12:38:16.386631,2026-05-31 12:38:16.386635,rust,claude-opus-4-7,beads,BDD,2,0.0,0.0,0.0,0.0,0.0,0.0,,1.3621539575979114,,0.0,1.0
experiment-5,brazil-soccer-mcp,failed,2026-05-31 12:38:17.697356,2026-05-31 12:38:17.697360,rust,claude-opus-4-7,beads,BDD,3,0.0,0.0,0.0,0.0,0.0,0.0,,1.2576994998380542,,0.0,1.0
experiment-5,brazil-soccer-mcp,failed,2026-05-31 12:38:18.959644,2026-05-31 12:38:18.959649,rust,claude-opus-4-8,none,BDD,1,0.0,0.0,0.0,0.0,0.0,0.0,,1.215965624898672,,0.0,1.0
experiment-5,brazil-soccer-mcp,failed,2026-05-31 12:38:20.259747,2026-05-31 12:38:20.259755,rust,claude-opus-4-8,none,BDD,2,0.0,0.0,0.0,0.0,0.0,0.0,,1.2454792079515755,,0.0,1.0
experiment-5,brazil-soccer-mcp,failed,2026-05-31 12:38:21.443958,2026-05-31 12:38:21.443962,rust,claude-opus-4-8,none,BDD,3,0.0,0.0,0.0,0.0,0.0,0.0,,1.1336667081341147,,0.0,1.0
experiment-5,brazil-soccer-mcp,failed,2026-05-31 12:38:22.945506,2026-05-31 12:38:22.945510,rust,claude-opus-4-8,beads,BDD,1,0.0,0.0,0.0,0.0,0.0,0.0,,1.4542479161173105,,0.0,1.0
experiment-5,brazil-soccer-mcp,completed,2026-05-31 17:12:58.676542,2026-05-31 17:12:58.676554,go,claude-opus-4-7,none,BDD,2,1.0,0.6970000000000001,1.0,0.4959051636006966,0.87,0.013200430200575687,1.0,415.3787835831754,2907481.0,2.860051499999999,45.0
experiment-5,brazil-soccer-mcp,completed,2026-05-31 17:24:10.625752,2026-05-31 17:24:10.625762,go,claude-opus-4-7,none,BDD,3,1.0,0.5723999999999999,1.0,0.6160265025746164,0.82,0.008247548522608682,1.0,539.6356580830179,4980874.0,4.137565000000001,68.0
experiment-5,brazil-soccer-mcp,completed,2026-05-31 17:40:40.972281,2026-05-31 17:40:40.972296,go,claude-opus-4-8,none,BDD,1,1.0,0.4636666666666667,1.0,0.6528754639138659,0.85,0.00952718951752908,1.0,856.7862577089109,3902515.0,4.37439425,50.0
experiment-5,brazil-soccer-mcp,completed,2026-05-31 17:59:02.506826,2026-05-31 17:59:02.506839,go,claude-opus-4-8,none,BDD,2,1.0,0.5135,1.0,0.6474899726713561,0.85,0.009859917302470371,1.0,990.273497666698,4452370.0,4.647236499999999,59.0
experiment-5,brazil-soccer-mcp,completed,2026-05-31 18:13:38.061332,2026-05-31 18:13:38.061343,go,claude-opus-4-8,none,BDD,3,1.0,0.46,1.0,0.6334648854476114,0.82,0.01200344928014961,1.0,755.2659268747084,3505659.0,4.744749249999999,50.0
experiment-5,brazil-soccer-mcp,completed,2026-05-31 20:14:32.150168,2026-05-31 20:14:32.150180,typescript,claude-opus-4-7,none,BDD,2,0.7333333333333334,0.953,1.0,0.5322308498639824,0.72,1.0,1.0,728.7217362076044,5631910.0,4.478736000000001,79.0
experiment-5,brazil-soccer-mcp,completed,2026-05-31 20:28:18.267173,2026-05-31 20:28:18.267191,typescript,claude-opus-4-7,none,BDD,3,0.7333333333333334,1.0,1.0,0.6013178584311355,0.88,1.0,1.0,781.4890214172192,7468835.0,5.7955162499999995,96.0
experiment-5,brazil-soccer-mcp,completed,2026-05-31 21:00:56.927706,2026-05-31 21:00:56.927720,typescript,claude-opus-4-8,none,BDD,1,0.7333333333333334,1.0,1.0,0.6006165479745639,0.77,1.0,1.0,1893.2621767083183,2905851.0,10.20119175,246.0
experiment-5,brazil-soccer-mcp,completed,2026-05-31 21:19:46.893577,2026-05-31 21:19:46.893597,typescript,claude-opus-4-8,none,BDD,2,0.7333333333333334,1.0,1.0,0.508097925018279,0.8,1.0,1.0,1055.8909916658886,7049547.0,6.385117250000001,80.0
experiment-5,brazil-soccer-mcp,completed,2026-05-31 21:33:04.801329,2026-05-31 21:33:04.801347,typescript,claude-opus-4-8,none,BDD,3,0.7333333333333334,1.0,1.0,0.4745413612835692,0.87,1.0,1.0,732.6648019575514,3893176.0,4.0002477500000015,57.0
experiment-5,brazil-soccer-mcp,completed,2026-05-31 21:44:36.011375,2026-05-31 21:44:36.011396,go,claude-opus-4-7,none,BDD,1,1.0,0.75,1.0,0.5225194249872304,0.88,0.008221521301702851,0.9167,643.2534978329204,4558767.0,4.06452675,70.0
experiment-5,brazil-soccer-mcp,completed,2026-06-01 01:26:05.840668,2026-06-01 01:26:05.840679,python,claude-opus-4-8,none,BDD,2,0.6666666666666666,0.94,0.9998002925713829,0.6025470778727786,0.88,1.0,1.0,1207.917161082849,8348594.0,7.265370250000004,90.0
experiment-5,brazil-soccer-mcp,completed,2026-06-01 01:39:02.898899,2026-06-01 01:39:02.898908,python,claude-opus-4-8,none,BDD,3,0.6666666666666666,0.92,1.0,0.2880742477540748,0.67,1.0,1.0,705.4437609999441,3303689.0,3.6115660000000003,49.0
experiment-5,brazil-soccer-mcp,completed,2026-06-01 01:48:16.682631,2026-06-01 01:48:16.682640,typescript,claude-opus-4-7,none,BDD,1,0.7333333333333334,0.9725,1.0,0.47803930798089467,0.87,1.0,1.0,403.7416098327376,2175572.0,2.1495350000000006,36.0
experiment-5,brazil-soccer-mcp,completed,2026-06-01 02:04:14.520643,2026-06-01 02:04:14.520655,rust,claude-opus-4-7,none,BDD,1,0.8333333333333334,1.0,0.9420569773056494,0.38053112445126963,0.77,0.009162825524060758,0.9167,736.0355950826779,4256329.0,4.023068250000001,52.0
experiment-5,brazil-soccer-mcp,completed,2026-06-01 02:16:49.090536,2026-06-01 02:16:49.090548,rust,claude-opus-4-7,none,BDD,2,0.8333333333333334,1.0,0.9815668202764977,0.3897478043342306,0.8,0.005500717817920275,1.0,703.9955732086673,7377219.0,5.517527750000001,99.0
experiment-5,brazil-soccer-mcp,completed,2026-06-01 02:34:20.820559,2026-06-01 02:34:20.820565,rust,claude-opus-4-7,none,BDD,3,0.8333333333333334,1.0,0.961941008563273,0.45580484539353766,0.88,0.004021569681340299,0.9167,957.5259429169819,9155629.0,7.146980499999999,101.0
experiment-5,brazil-soccer-mcp,completed,2026-06-01 02:52:32.613330,2026-06-01 02:52:32.613342,rust,claude-opus-4-8,none,BDD,1,0.8333333333333334,1.0,1.0,0.4496679007207875,0.88,0.006825079937024232,1.0,967.4875191659667,4928880.0,5.156324749999999,53.0
experiment-5,brazil-soccer-mcp,completed,2026-06-01 03:19:17.388403,2026-06-01 03:19:17.388412,rust,claude-opus-4-8,none,BDD,2,0.8333333333333334,1.0,1.0,0.5057785628722636,0.83,0.004021555457578417,1.0,1432.61914166715,10040891.0,8.72794625,88.0
experiment-5,brazil-soccer-mcp,completed,2026-06-01 03:34:28.607361,2026-06-01 03:34:28.607374,rust,claude-opus-4-8,none,BDD,3,0.8333333333333334,1.0,1.0,0.46952245871983167,0.68,0.007904898137454767,1.0,843.4905440416187,4311251.0,4.38734725,55.0
experiment-5,brazil-soccer-mcp,completed,2026-06-01 06:53:56.400752,2026-06-01 06:53:56.400766,python,claude-opus-4-8,none,BDD,1,0.6666666666666666,0.91,0.9998699539420212,0.28837874474637953,0.68,1.0,1.0,784.9717907086015,4267314.0,4.424515499999999,65.0
experiment-5,brazil-soccer-mcp,completed,2026-06-01 07:06:32.608072,2026-06-01 07:06:32.608082,java,claude-opus-4-7,none,BDD,1,1.0,1.0,1.0,0.7350083693466153,0.72,0.007619049154759215,1.0,615.9474655832164,4961249.0,4.290936250000001,67.0
experiment-5,brazil-soccer-mcp,completed,2026-06-01 07:20:49.151307,2026-06-01 07:20:49.151329,java,claude-opus-4-7,none,BDD,2,1.0,1.0,1.0,0.710233527211126,0.65,0.006800986522614955,1.0,719.8416447918862,4478762.0,4.03774575,67.0
experiment-5,brazil-soccer-mcp,completed,2026-06-01 07:37:55.712208,2026-06-01 07:37:55.712227,java,claude-opus-4-7,none,BDD,3,1.0,1.0,1.0,0.65759980833921,0.79,0.005388920940258457,1.0,880.0900559583679,6836248.0,5.805091999999999,83.0
experiment-5,brazil-soccer-mcp,completed,2026-06-01 07:56:07.622418,2026-06-01 07:56:07.622427,java,claude-opus-4-8,none,BDD,1,1.0,1.0,1.0,0.6509212737486318,0.88,0.008661984047037198,1.0,976.9397403332405,5257456.0,5.332298999999998,64.0
experiment-5,brazil-soccer-mcp,completed,2026-06-01 08:24:08.032947,2026-06-01 08:24:08.032967,java,claude-opus-4-8,none,BDD,2,1.0,1.0,1.0,0.6059368405581478,0.87,0.0055954909941090545,1.0,1546.6068961671554,7334477.0,6.427324250000001,83.0
experiment-5,brazil-soccer-mcp,completed,2026-06-01 08:44:55.782070,2026-06-01 08:44:55.782079,java,claude-opus-4-8,none,BDD,3,1.0,1.0,1.0,0.6601571375385645,0.88,0.005403444767137008,1.0,1135.327704125084,8439061.0,7.327808749999999,88.0
experiment-5,brazil-soccer-mcp,completed,2026-06-01 09:01:01.162262,2026-06-01 09:01:01.162283,clojure,claude-opus-4-7,none,BDD,1,0.8333333333333334,1.0,1.0,0.6139704985583121,0.88,0.004164745429935595,1.0,802.2978478749283,5916328.0,4.962570749999999,78.0
experiment-5,brazil-soccer-mcp,completed,2026-06-01 11:20:23.432051,2026-06-01 11:20:23.432066,clojure,claude-opus-4-7,none,BDD,2,0.8333333333333334,1.0,1.0,0.6346013823809087,0.91,0.006093355262551357,1.0,706.1821719156578,4664097.0,4.1163545,67.0
experiment-5,brazil-soccer-mcp,completed,2026-06-01 11:35:45.192480,2026-06-01 11:35:45.192495,clojure,claude-opus-4-7,none,BDD,3,0.8333333333333334,1.0,1.0,0.6935989488102979,0.74,0.003500625939737569,1.0,785.9099546251819,6038920.0,4.863952499999999,77.0
experiment-5,brazil-soccer-mcp,completed,2026-06-01 12:00:20.448687,2026-06-01 12:00:20.448694,clojure,claude-opus-4-8,none,BDD,1,0.8333333333333334,1.0,1.0,0.7059089495255271,0.88,0.00757987862766486,1.0,859.7105410420336,3182109.0,3.7948245000000007,45.0
experiment-5,brazil-soccer-mcp,completed,2026-06-01 12:18:59.842683,2026-06-01 12:18:59.842693,clojure,claude-opus-4-8,none,BDD,2,0.8333333333333334,1.0,1.0,0.7146768013315432,0.82,0.006170580824794259,1.0,962.6842690827325,3973694.0,4.3493125,52.0
experiment-5,brazil-soccer-mcp,completed,2026-06-01 12:37:41.012951,2026-06-01 12:37:41.012969,clojure,claude-opus-4-8,none,BDD,3,0.8333333333333334,1.0,1.0,0.7829644509246161,0.9,0.004775247208240439,1.0,1002.001404624898,6278209.0,5.5905257499999985,79.0
experiment-6,rest-api-crud,completed,2026-05-30 15:48:31.974496,2026-05-30 15:48:31.974509,python,claude-opus-4-7,none,,2,0.7888888888888889,1.0,1.0,1.0,0.72,0.007538917223013844,1.0,103.07595866685733,615473.0,0.583584,16.0
experiment-6,rest-api-crud,completed,2026-05-30 15:51:43.028291,2026-05-30 15:51:43.028305,python,claude-opus-4-7,none,,3,0.7888888888888889,1.0,1.0,1.0,0.52,0.011748391818496977,1.0,73.39714841591194,415376.0,0.4404235,11.0
experiment-6,rest-api-crud,completed,2026-05-30 15:59:08.798801,2026-05-30 15:59:08.798814,python,claude-opus-4-7,beads,,2,0.7888888888888889,1.0,1.0,1.0,0.82,0.007089496025451291,1.0,122.68609712505713,677058.0,0.6765460000000001,23.0
experiment-6,rest-api-crud,completed,2026-05-30 16:01:54.459399,2026-05-30 16:01:54.459414,python,claude-opus-4-7,beads,,3,0.7888888888888889,1.0,1.0,1.0,0.62,0.006212015535585281,1.0,113.56535691674799,721183.0,0.6548075,21.0
experiment-6,rest-api-crud,completed,2026-05-30 16:05:46.289880,2026-05-30 16:05:46.289891,python,claude-opus-4-8,none,,1,0.7888888888888889,1.0,1.0,1.0,0.72,0.0693931614914841,1.0,99.44031837489456,85311.0,0.3691715,12.0
experiment-6,rest-api-crud,completed,2026-05-30 16:07:55.697173,2026-05-30 16:07:55.697185,python,claude-opus-4-8,none,,2,0.7888888888888889,1.0,1.0,1.0,0.7,0.018667791420626738,1.0,76.70618541585281,256056.0,0.35513825000000004,10.0
experiment-6,rest-api-crud,completed,2026-05-30 16:11:15.299201,2026-05-30 16:11:15.299216,python,claude-opus-4-8,none,,3,0.7888888888888889,1.0,1.0,1.0,0.81,0.01620186838567341,1.0,87.02410762477666,290090.0,0.38454124999999995,12.0
experiment-6,rest-api-crud,completed,2026-05-30 16:16:31.596472,2026-05-30 16:16:31.596482,python,claude-opus-4-8,beads,,1,0.7888888888888889,1.0,1.0,1.0,0.87,0.03707296044832417,1.0,208.70897141611204,139185.0,0.7269617500000001,28.0
experiment-6,rest-api-crud,completed,2026-05-30 16:20:15.011629,2026-05-30 16:20:15.011640,python,claude-opus-4-8,beads,,2,0.6666666666666666,0.99,1.0,0.2678918041236911,0.7,1.0,1.0,132.92606966709718,665605.0,0.6458627499999999,25.0
experiment-6,rest-api-crud,completed,2026-05-30 16:24:06.155330,2026-05-30 16:24:06.155344,python,claude-opus-4-8,beads,,3,0.8666666666666667,0.94,1.0,0.2738315779293891,0.68,1.0,1.0,126.35659587476403,422608.0,0.50565825,17.0
experiment-6,rest-api-crud,completed,2026-05-30 16:27:55.616233,2026-05-30 16:27:55.616241,typescript,claude-opus-4-7,none,,1,0.7333333333333334,0.8941,1.0,0.6760866636922055,0.35,1.0,1.0,116.31195133319125,318352.0,0.4565935,17.0
experiment-6,rest-api-crud,completed,2026-05-30 16:32:15.875108,2026-05-30 16:32:15.875118,typescript,claude-opus-4-7,none,,2,0.7333333333333334,0.924,1.0,0.7535349273301833,0.78,1.0,1.0,131.72197374980897,665996.0,0.652431,17.0
experiment-6,rest-api-crud,completed,2026-05-30 16:36:32.110088,2026-05-30 16:36:32.110098,typescript,claude-opus-4-7,none,,3,0.7333333333333334,0.9102,1.0,0.6851053693615853,0.68,1.0,1.0,135.94608383299783,617031.0,0.612829,16.0
experiment-6,rest-api-crud,completed,2026-05-30 16:41:56.759220,2026-05-30 16:41:56.759227,typescript,claude-opus-4-7,beads,,1,0.7333333333333334,0.9175,1.0,0.7285490771458983,0.9,1.0,1.0,189.07927854079753,1220231.0,1.0586265,36.0
experiment-6,rest-api-crud,completed,2026-05-30 16:46:53.054483,2026-05-30 16:46:53.054493,typescript,claude-opus-4-7,beads,,2,0.7333333333333334,0.8,1.0,0.7341699949023078,0.75,1.0,1.0,173.46809924999252,859091.0,0.8603619999999998,36.0
experiment-6,rest-api-crud,completed,2026-05-30 16:52:32.571399,2026-05-30 16:52:32.571421,typescript,claude-opus-4-7,beads,,3,0.7333333333333334,0.9157,1.0,0.6734627179067355,0.87,1.0,1.0,177.69575741700828,951880.0,0.8727052500000001,31.0
experiment-6,rest-api-crud,completed,2026-05-30 17:02:58.947315,2026-05-30 17:02:58.947328,typescript,claude-opus-4-8,none,,2,0.7333333333333334,0.9178000000000001,1.0,0.6890993895512181,0.87,1.0,1.0,130.20346320793033,424213.0,0.508763,16.0
experiment-6,rest-api-crud,completed,2026-05-30 17:16:58.518764,2026-05-30 17:16:58.518776,typescript,claude-opus-4-8,beads,,1,0.7333333333333334,1.0,1.0,0.9325990382158929,0.88,1.0,1.0,152.62433174997568,578680.0,0.6205117500000001,22.0
experiment-6,rest-api-crud,completed,2026-05-30 17:20:57.602318,2026-05-30 17:20:57.602331,typescript,claude-opus-4-8,beads,,2,0.7333333333333334,0.9081,1.0,0.8864207006245564,0.87,1.0,1.0,180.87369087478146,693886.0,0.725718,25.0
experiment-6,rest-api-crud,completed,2026-05-30 17:24:36.247295,2026-05-30 17:24:36.247304,typescript,claude-opus-4-8,beads,,3,0.7333333333333334,1.0,1.0,0.8080053107685927,0.94,1.0,1.0,169.23064120765775,570593.0,0.6488610000000001,21.0
experiment-6,rest-api-crud,completed,2026-05-30 17:30:20.502246,2026-05-30 17:30:20.502254,go,claude-opus-4-7,none,,1,1.0,0.636,1.0,0.9101956859899548,0.72,0.009825925054789974,1.0,176.80946229211986,909838.0,0.8690154999999998,22.0
experiment-6,rest-api-crud,completed,2026-05-30 17:34:51.206691,2026-05-30 17:34:51.206702,go,claude-opus-4-7,none,,2,1.0,0.69,1.0,0.8940475298734101,0.88,0.015581208798101204,1.0,146.45723758311942,605858.0,0.6904967500000001,15.0
experiment-6,rest-api-crud,completed,2026-05-30 17:39:18.939146,2026-05-30 17:39:18.939160,go,claude-opus-4-7,none,,3,1.0,0.7070000000000001,1.0,0.8887070931680231,0.87,0.016446989909342104,1.0,132.8637185827829,651791.0,0.7198420000000001,16.0
experiment-6,rest-api-crud,completed,2026-05-30 17:44:10.785425,2026-05-30 17:44:10.785438,go,claude-opus-4-7,beads,,1,1.0,0.7040000000000001,1.0,0.8899831662712305,0.93,0.009005687117442662,1.0,194.54115825006738,1152605.0,1.1326664999999996,28.0
experiment-6,rest-api-crud,completed,2026-05-30 17:47:53.060197,2026-05-30 17:47:53.060206,go,claude-opus-4-7,beads,,2,1.0,0.654,1.0,0.897111171106329,0.7,0.00942669039753901,1.0,159.27570145810023,995047.0,0.9207497499999999,26.0
experiment-6,rest-api-crud,completed,2026-05-30 17:51:47.258766,2026-05-30 17:51:47.258773,go,claude-opus-4-7,beads,,3,1.0,0.685,1.0,0.8763629864841797,0.88,0.009182399505976168,1.0,183.38293624995276,1117355.0,1.0203225,27.0
experiment-6,rest-api-crud,completed,2026-05-30 17:55:41.992992,2026-05-30 17:55:41.993006,go,claude-opus-4-8,none,,1,1.0,0.7,1.0,0.857208319105287,0.75,0.016480128767812657,1.0,129.19937920803204,520627.0,0.62910725,19.0
experiment-6,rest-api-crud,completed,2026-05-30 17:59:57.948462,2026-05-30 17:59:57.948473,go,claude-opus-4-8,none,,2,1.0,0.69,1.0,0.8799183459548194,0.68,0.020789004926283435,1.0,139.178053249605,450238.0,0.6165747500000001,16.0
experiment-6,rest-api-crud,completed,2026-05-30 18:04:10.203738,2026-05-30 18:04:10.203749,go,claude-opus-4-8,none,,3,1.0,0.667,1.0,0.8956340091338935,0.68,0.021914997785186394,1.0,131.8862854996696,428930.0,0.58663875,16.0
experiment-6,rest-api-crud,completed,2026-05-30 18:07:45.680201,2026-05-30 18:07:45.680212,go,claude-opus-4-8,beads,,1,1.0,0.735,1.0,0.873398464910318,0.87,0.015092964409483472,1.0,160.9733712086454,581728.0,0.7087164999999999,21.0
experiment-6,rest-api-crud,completed,2026-05-30 18:11:58.323018,2026-05-30 18:11:58.323025,go,claude-opus-4-8,beads,,2,1.0,0.708,1.0,0.8298483449696549,0.76,0.016443296826805103,1.0,155.6854442502372,553417.0,0.69011925,20.0
experiment-6,rest-api-crud,completed,2026-05-30 18:16:14.063208,2026-05-30 18:16:14.063217,go,claude-opus-4-8,beads,,3,1.0,0.696,1.0,0.8833769922960056,0.88,0.015564504516456794,1.0,166.53649737499654,618073.0,0.74805025,22.0
experiment-6,rest-api-crud,completed,2026-05-30 20:40:04.727897,2026-05-30 20:40:04.727909,python,claude-opus-4-7,none,,1,0.7722222222222221,1.0,1.0,1.0,0.68,0.010345833812307121,1.0,75.71723537519574,452356.0,0.46518275,12.0
experiment-6,rest-api-crud,completed,2026-05-30 20:43:20.579713,2026-05-30 20:43:20.579723,python,claude-opus-4-7,beads,,1,0.6666666666666666,1.0,0.9043062200956937,0.9033620732378385,0.67,0.005260117861875345,1.0,112.4419204168953,794659.0,0.6990445,20.0
experiment-6,rest-api-crud,completed,2026-05-30 20:46:25.599148,2026-05-30 20:46:25.599156,typescript,claude-opus-4-8,none,,1,0.7333333333333334,1.0,1.0,0.7881048828338244,0.87,1.0,1.0,121.39690250018612,330123.0,0.4641315,16.0
experiment-6,rest-api-crud,completed,2026-05-30 20:49:00.397179,2026-05-30 20:49:00.397184,typescript,claude-opus-4-8,none,,3,0.7333333333333334,1.0,1.0,0.7064321728085278,0.75,1.0,1.0,105.56304941698909,279237.0,0.44209475,17.0
experiment-6,rest-api-crud,completed,2026-05-30 20:52:08.832495,2026-05-30 20:52:08.832501,rust,claude-opus-4-7,none,,1,0.8333333333333334,1.0,1.0,0.7544259653642579,0.75,0.13304324894514769,1.0,125.31101112486795,606720.0,0.66041275,15.0
experiment-6,rest-api-crud,completed,2026-05-30 20:56:24.499559,2026-05-30 20:56:24.499572,rust,claude-opus-4-7,none,,2,0.8333333333333334,1.0,0.9491094147582697,0.7855109430400806,0.76,0.13771764429618272,1.0,191.20792412525043,579156.0,0.8507325,13.0
experiment-6,rest-api-crud,completed,2026-05-30 21:01:03.039908,2026-05-30 21:01:03.039919,rust,claude-opus-4-7,none,,3,0.8333333333333334,1.0,0.9501246882793017,0.781847939377077,0.67,0.16081462229299745,1.0,146.48022470856085,496721.0,0.67847725,12.0
experiment-6,rest-api-crud,completed,2026-05-30 21:05:25.190119,2026-05-30 21:05:25.190129,rust,claude-opus-4-7,beads,,1,0.8333333333333334,1.0,0.9592668024439919,0.9378889882727887,0.7,0.13478412740934506,1.0,205.8687939592637,1142271.0,1.056353,28.0
experiment-6,rest-api-crud,completed,2026-05-30 21:12:20.070578,2026-05-30 21:12:20.070588,rust,claude-opus-4-7,beads,,2,0.8333333333333334,1.0,1.0,0.9413895471337647,0.75,0.1362262498531469,1.0,201.62819750001654,1123572.0,1.01939325,28.0
experiment-6,rest-api-crud,completed,2026-05-30 21:17:41.989270,2026-05-30 21:17:41.989285,rust,claude-opus-4-7,beads,,3,0.8333333333333334,1.0,1.0,0.8554863257326933,0.72,0.08484181714536675,1.0,175.41262162523344,901678.0,0.8768765,28.0
experiment-6,rest-api-crud,completed,2026-05-30 21:21:55.034262,2026-05-30 21:21:55.034275,rust,claude-opus-4-8,none,,1,0.8333333333333334,1.0,1.0,0.7608735665507099,0.74,0.2677386119884473,1.0,118.40048725018278,296035.0,0.46427725000000003,11.0
experiment-6,rest-api-crud,completed,2026-05-30 21:27:25.170297,2026-05-30 21:27:25.170312,rust,claude-opus-4-8,none,,2,0.8333333333333334,1.0,0.949748743718593,0.3174825174825175,0.77,0.2831366116321364,1.0,268.8053949577734,280430.0,0.9305945,26.0
experiment-6,rest-api-crud,completed,2026-05-30 21:32:35.020301,2026-05-30 21:32:35.020318,rust,claude-opus-4-8,none,,3,0.8333333333333334,1.0,1.0,0.7451802691288846,0.87,0.4807797824613498,1.0,252.11225220793858,154915.0,0.8760952500000001,30.0
experiment-6,rest-api-crud,completed,2026-05-30 21:36:59.854344,2026-05-30 21:36:59.854352,rust,claude-opus-4-8,beads,,1,0.8333333333333334,1.0,1.0,0.7607622056985514,0.7,0.1280045467317173,1.0,155.39568229112774,626384.0,0.70299975,22.0
experiment-6,rest-api-crud,completed,2026-05-30 21:41:16.399330,2026-05-30 21:41:16.399342,rust,claude-opus-4-8,beads,,2,0.8333333333333334,1.0,1.0,0.7414278964877085,0.65,0.15221609873476674,1.0,156.05203337501734,515320.0,0.619472,19.0
experiment-6,rest-api-crud,completed,2026-05-30 21:45:36.734173,2026-05-30 21:45:36.734182,rust,claude-opus-4-8,beads,,3,0.8333333333333334,1.0,1.0,0.9285298301943565,0.8,0.1437265102147458,1.0,157.61079645808786,556891.0,0.687486,20.0
experiment-6,rest-api-crud,completed,2026-05-30 21:50:03.546304,2026-05-30 21:50:03.546313,java,claude-opus-4-7,none,,1,1.0,1.0,1.0,0.8702702983325716,0.7,0.018054773963609078,1.0,147.3311224579811,426480.0,0.62707975,16.0
experiment-6,rest-api-crud,completed,2026-05-30 21:56:50.123311,2026-05-30 21:56:50.123320,java,claude-opus-4-7,none,,2,1.0,1.0,1.0,0.9588948953336738,0.78,0.005365693812919443,1.0,198.67643754091114,1010121.0,0.9913745,23.0
experiment-6,rest-api-crud,completed,2026-05-30 22:01:35.196970,2026-05-30 22:01:35.196981,java,claude-opus-4-7,none,,3,1.0,1.0,1.0,0.793229335447229,0.68,0.014177693761814745,1.0,157.0751032922417,626336.0,0.87051225,33.0
experiment-6,rest-api-crud,completed,2026-05-30 22:06:47.133682,2026-05-30 22:06:47.133691,java,claude-opus-4-7,beads,,1,1.0,1.0,1.0,0.9241529316467817,0.87,0.007447346613717324,1.0,192.63401912525296,929190.0,1.0428744999999997,30.0
experiment-6,rest-api-crud,completed,2026-05-30 22:11:30.071478,2026-05-30 22:11:30.071494,java,claude-opus-4-7,beads,,2,1.0,1.0,1.0,0.9689549312080598,0.76,0.005725013476086917,1.0,169.21292570792139,806985.0,0.8079682499999999,27.0
experiment-6,rest-api-crud,completed,2026-05-30 22:17:07.592010,2026-05-30 22:17:07.592019,java,claude-opus-4-7,beads,,3,1.0,1.0,1.0,0.9158264579265838,0.87,0.008155397390272835,1.0,221.0841471659951,1025088.0,1.156724,29.0
experiment-6,rest-api-crud,completed,2026-05-30 22:22:16.498683,2026-05-30 22:22:16.498691,java,claude-opus-4-8,none,,1,1.0,1.0,1.0,0.9560388732024293,0.48,0.009863932199081988,1.0,178.0449584578164,660994.0,0.8270650000000002,30.0
experiment-6,rest-api-crud,failed,2026-05-30 23:09:06.020053,2026-05-30 23:09:06.020072,java,claude-opus-4-8,none,,2,0.0,0.0,0.0,0.0,0.0,0.0,,2700.0225237500854,,,
experiment-6,rest-api-crud,completed,2026-05-30 23:12:21.212925,2026-05-30 23:12:21.212935,java,claude-opus-4-8,none,,3,1.0,1.0,1.0,0.7340764030708162,0.72,0.020783698416222483,1.0,173.23428033292294,535997.0,0.7762055000000001,18.0
experiment-6,rest-api-crud,completed,2026-05-30 23:18:10.913325,2026-05-30 23:18:10.913336,java,claude-opus-4-8,beads,,1,1.0,1.0,1.0,0.8704087330623143,0.62,0.009039007691903965,1.0,246.6551357912831,1028874.0,1.130424,31.0
experiment-6,rest-api-crud,completed,2026-05-30 23:24:28.332064,2026-05-30 23:24:28.332081,java,claude-opus-4-8,beads,,2,1.0,1.0,1.0,0.7473456670670591,0.78,0.012813941568426447,1.0,237.12073266599327,913068.0,1.068357,28.0
experiment-6,rest-api-crud,completed,2026-05-30 23:42:33.354899,2026-05-30 23:42:33.354917,java,claude-opus-4-8,beads,,3,1.0,1.0,1.0,0.735203035076934,0.88,0.048273999950907795,1.0,1030.8030782919377,488876.0,3.5957742500000007,180.0
experiment-6,rest-api-crud,completed,2026-05-30 23:48:33.499481,2026-05-30 23:48:33.499490,clojure,claude-opus-4-7,none,,1,0.8333333333333334,1.0,1.0,0.9699884281577181,0.85,0.004467289878843691,1.0,246.72777037508786,1056569.0,1.2974235,22.0
experiment-6,rest-api-crud,completed,2026-05-31 00:01:27.175933,2026-05-31 00:01:27.175946,clojure,claude-opus-4-7,none,,2,0.8333333333333334,1.0,1.0,0.941074434901121,0.8,0.011745099595270217,1.0,152.06088400026783,441035.0,0.6321535,16.0
experiment-6,rest-api-crud,completed,2026-05-31 00:06:22.192775,2026-05-31 00:06:22.192783,clojure,claude-opus-4-7,none,,3,0.8333333333333334,1.0,1.0,0.9405971069416337,0.65,0.005009463632948094,1.0,166.52381004113704,846398.0,0.8333385000000001,20.0
experiment-6,rest-api-crud,completed,2026-05-31 00:12:18.160972,2026-05-31 00:12:18.160982,clojure,claude-opus-4-7,beads,,1,0.8333333333333334,1.0,1.0,0.945660532043663,0.9,0.004593392297281883,1.0,254.95540616614744,1297516.0,1.230655,32.0
experiment-6,rest-api-crud,completed,2026-05-31 00:17:38.248995,2026-05-31 00:17:38.249006,clojure,claude-opus-4-7,beads,,2,0.8333333333333334,1.0,1.0,0.9426188829614429,0.88,0.003722094862663159,1.0,191.08992750011384,1300343.0,1.105675,29.0
experiment-6,rest-api-crud,completed,2026-05-31 00:23:50.746427,2026-05-31 00:23:50.746439,clojure,claude-opus-4-7,beads,,3,0.8333333333333334,1.0,1.0,0.9606117128637527,0.85,0.003445473410676759,1.0,264.7232718328014,1520836.0,1.2853002499999997,33.0
experiment-6,rest-api-crud,completed,2026-05-31 00:28:28.528826,2026-05-31 00:28:28.528837,clojure,claude-opus-4-8,none,,1,0.8333333333333334,1.0,1.0,0.9316866477968407,0.87,0.008170090199872948,1.0,202.49338579224423,577717.0,0.7069550000000001,20.0
experiment-6,rest-api-crud,completed,2026-05-31 00:56:18.331457,2026-05-31 00:56:18.331475,clojure,claude-opus-4-8,none,,2,0.8333333333333334,1.0,1.0,0.9504931729361906,0.88,0.0061952695728773035,1.0,1606.1823651250452,826437.0,5.685808000000001,60.0
experiment-6,rest-api-crud,completed,2026-05-31 01:02:08.723184,2026-05-31 01:02:08.723194,clojure,claude-opus-4-8,none,,3,0.8333333333333334,1.0,1.0,0.9468666945490106,0.87,0.006339161462251382,1.0,239.7674259999767,735113.0,0.8635544999999999,24.0
experiment-6,rest-api-crud,completed,2026-05-31 01:12:08.738230,2026-05-31 01:12:08.738241,clojure,claude-opus-4-8,beads,,1,0.8333333333333334,1.0,1.0,0.97416218676837,0.87,0.0023135726664144903,1.0,494.6466441671364,2273540.0,2.172494500000001,51.0
experiment-6,rest-api-crud,completed,2026-05-31 01:17:05.472303,2026-05-31 01:17:05.472312,clojure,claude-opus-4-8,beads,,2,0.8333333333333334,1.0,1.0,0.9528497280161806,0.82,0.005750658363999398,1.0,207.01963083306327,810342.0,0.88920875,26.0
experiment-6,rest-api-crud,completed,2026-05-31 01:24:02.584678,2026-05-31 01:24:02.584688,clojure,claude-opus-4-8,beads,,3,0.8333333333333334,1.0,1.0,0.9720988849286947,0.73,0.00441970707832426,1.0,295.2370484578423,1162973.0,1.22572525,34.0
experiment-7-bookshop,rest-api-crud,completed,2026-06-04 09:15:56.285131,2026-06-04 09:15:56.285143,go,claude-opus-4-8-fast,,,1,1.0,0.728,1.0,0.8940431604291076,0.72,0.019449956881772937,1.0,150.66436754073948,481235.0,1.3361390000000002,18.0
experiment-7-bookshop,rest-api-crud,completed,2026-06-04 09:18:11.872585,2026-06-04 09:18:11.872599,go,claude-opus-4-8-fast,,,2,1.0,0.669,1.0,0.8793367060021039,0.76,0.02875275223416656,1.0,120.51651804195717,308840.0,0.979388,13.0
experiment-7-bookshop,rest-api-crud,completed,2026-06-04 09:20:53.219675,2026-06-04 09:20:53.219690,go,claude-opus-4-8-fast,,,3,1.0,0.725,1.0,0.8987149206065205,0.88,0.02353678346422488,1.0,148.68333749985322,379831.0,1.1935954999999998,15.0
experiment-7-bookshop,rest-api-crud,completed,2026-06-04 09:22:51.825258,2026-06-04 09:22:51.825264,python,claude-opus-4-8-fast,,,1,1.0,0.98,1.0,0.2658667207526469,0.68,1.0,1.0,104.7021931251511,299001.0,0.8323599999999999,13.0
experiment-7-bookshop,rest-api-crud,completed,2026-06-04 09:24:12.009541,2026-06-04 09:24:12.009548,python,claude-opus-4-8-fast,,,2,0.6666666666666666,0.96,1.0,0.2738056272920861,0.75,1.0,1.0,67.2683947919868,125216.0,0.566702,9.0
experiment-7-bookshop,rest-api-crud,completed,2026-06-04 09:26:08.285336,2026-06-04 09:26:08.285342,python,claude-opus-4-8-fast,,,3,1.0,0.97,1.0,0.27382602213775353,0.68,1.0,1.0,98.85313104093075,302480.0,0.8244274999999998,12.0
experiment-7-bookshop,rest-api-crud,completed,2026-06-04 09:30:29.701990,2026-06-04 09:30:29.702000,clojure,claude-opus-4-8-fast,,,1,0.8333333333333334,1.0,1.0,0.9505212353817504,0.79,0.009574380972177604,1.0,241.28841395815834,476271.0,1.3024580000000003,18.0
experiment-7-bookshop,rest-api-crud,completed,2026-06-04 09:34:31.616814,2026-06-04 09:34:31.616827,clojure,claude-opus-4-8-fast,,,2,0.8333333333333334,1.0,1.0,0.9303227035596322,0.83,0.009170170141926018,1.0,220.22298508277163,567056.0,1.5749205000000002,20.0
experiment-7-bookshop,rest-api-crud,completed,2026-06-04 09:37:35.875837,2026-06-04 09:37:35.875848,clojure,claude-opus-4-8-fast,,,3,0.8333333333333334,1.0,1.0,0.9363609088399306,0.88,0.010921442067210553,1.0,163.69486258318648,457815.0,1.2197359999999997,17.0
experiment-7-bookshop,rest-api-crud,completed,2026-06-04 09:40:05.454795,2026-06-04 09:40:05.454802,rust,claude-opus-4-8-fast,,,1,0.8333333333333334,1.0,1.0,0.7381092013170192,0.8,0.26998764784514123,1.0,129.0748131251894,295495.0,0.9930905000000001,12.0
experiment-7-bookshop,rest-api-crud,completed,2026-06-04 09:42:18.968750,2026-06-04 09:42:18.968757,rust,claude-opus-4-8-fast,,,2,0.8333333333333334,1.0,1.0,0.7757409722823795,0.78,0.2758505216672422,1.0,115.63705937471241,286677.0,0.9021474999999999,12.0
experiment-7-bookshop,rest-api-crud,completed,2026-06-04 09:45:18.787665,2026-06-04 09:45:18.787676,rust,claude-opus-4-8-fast,,,3,0.8333333333333334,1.0,1.0,0.8529253661036632,0.62,0.172915264184489,1.0,160.01035037497059,463464.0,1.2879825,17.0
experiment-7-brazil,brazil-soccer-mcp,completed,2026-06-04 09:30:03.207900,2026-06-04 09:30:03.207928,go,claude-opus-4-8-fast,,BDD,1,1.0,0.64425,1.0,0.6524422715800066,0.77,0.007921083645186632,1.0,998.9354145410471,5080113.0,10.4334445,61.0
experiment-7-brazil,brazil-soccer-mcp,completed,2026-06-04 09:45:19.886243,2026-06-04 09:45:19.886254,go,claude-opus-4-8-fast,,BDD,2,1.0,0.703,1.0,0.5397693611394446,0.8,0.008361290455981102,1.0,902.9517852920108,4642824.0,9.730551499999999,64.0
experiment-7-brazil,brazil-soccer-mcp,completed,2026-06-04 10:01:49.833535,2026-06-04 10:01:49.833547,go,claude-opus-4-8-fast,,BDD,3,1.0,0.5156666666666666,1.0,0.5533051931883609,0.82,0.009985310418788244,1.0,974.5240371250547,4438520.0,9.533965499999999,55.0
experiment-7-brazil,brazil-soccer-mcp,completed,2026-06-04 10:18:14.840959,2026-06-04 10:18:14.840967,python,claude-opus-4-8-fast,,BDD,1,0.6666666666666666,0.94,0.9999833558445536,0.6025156885376571,0.78,1.0,1.0,957.6470676669851,5262857.0,10.438386000000003,74.0
experiment-7-brazil,brazil-soccer-mcp,completed,2026-06-04 10:37:17.654882,2026-06-04 10:37:17.654893,python,claude-opus-4-8-fast,,BDD,2,0.6666666666666666,0.89,1.0,0.28820783257773636,0.77,1.0,1.0,1108.2775567080826,5820853.0,11.293852499999998,72.0
experiment-7-brazil,brazil-soccer-mcp,completed,2026-06-04 10:51:30.528745,2026-06-04 10:51:30.528753,python,claude-opus-4-8-fast,,BDD,3,0.6666666666666666,0.94,0.9998266409517412,0.28825900428751744,0.7,1.0,1.0,835.8505105837248,3515118.0,8.0120855,51.0
experiment-7-brazil,brazil-soccer-mcp,completed,2026-06-04 11:04:45.811202,2026-06-04 11:04:45.811225,clojure,claude-opus-4-8-fast,,BDD,1,0.8333333333333334,1.0,1.0,0.7328248546427257,0.87,0.007778059526021108,1.0,782.4153958749957,3687295.0,7.660988,52.0
experiment-7-brazil,brazil-soccer-mcp,completed,2026-06-04 11:16:32.536637,2026-06-04 11:16:32.536647,clojure,claude-opus-4-8-fast,,BDD,2,0.8333333333333334,1.0,1.0,0.6880845845548608,0.82,0.011624338804160923,1.0,691.8109478340484,2030223.0,5.4980135,36.0
experiment-7-brazil,brazil-soccer-mcp,completed,2026-06-04 11:27:57.269466,2026-06-04 11:27:57.269487,clojure,claude-opus-4-8-fast,,BDD,3,0.8333333333333334,1.0,1.0,0.7636830066361057,0.78,0.012715747489375847,1.0,661.7748526250944,2106050.0,5.366350000000001,39.0
experiment-7-brazil,brazil-soccer-mcp,completed,2026-06-04 11:43:08.494827,2026-06-04 11:43:08.494835,rust,claude-opus-4-8-fast,,BDD,1,0.8333333333333334,1.0,1.0,0.4656868050527674,0.77,0.006649230113822851,1.0,897.4910535421222,4478714.0,8.801331000000001,59.0
experiment-7-brazil,brazil-soccer-mcp,completed,2026-06-04 12:01:25.019491,2026-06-04 12:01:25.019502,rust,claude-opus-4-8-fast,,BDD,2,0.8333333333333334,1.0,1.0,0.45393019761161285,0.68,0.005592405934808902,1.0,1076.6067450419068,5307197.0,10.637067499999997,62.0
experiment-7-brazil,brazil-soccer-mcp,completed,2026-06-04 12:14:13.119791,2026-06-04 12:14:13.119797,rust,claude-opus-4-8-fast,,BDD,3,0.8333333333333334,1.0,0.9271734182976786,0.40553886784786614,0.88,0.012457176341785402,1.0,752.4554976252839,2955726.0,7.2716780000000005,44.0
experiment-8,rest-api-crud,completed,2026-06-04 09:12:26.317437,2026-06-04 09:12:26.317444,erlang,claude-opus-4-7,,,1,1.0,1.0,0.0,0.0,0.93,0.0,1.0,357.895109874662,843202.0,1.423029,30.0
experiment-8,rest-api-crud,completed,2026-06-04 09:22:46.052371,2026-06-04 09:22:46.052381,erlang,claude-opus-4-7,,,3,1.0,1.0,0.0,0.0,0.58,0.0,1.0,290.5164092499763,1149300.0,1.3340257500000001,24.0
experiment-8,rest-api-crud,completed,2026-06-04 09:28:03.214116,2026-06-04 09:28:03.214127,erlang,claude-opus-4-8,,,1,1.0,1.0,0.0,0.0,0.92,0.0,1.0,301.67593504162505,1005655.0,1.2333912499999997,31.0
experiment-8,rest-api-crud,completed,2026-06-04 09:33:42.023067,2026-06-04 09:33:42.023080,erlang,claude-opus-4-8,,,2,1.0,1.0,0.0,0.0,0.75,0.0,1.0,325.8192177088931,677486.0,1.19310825,23.0
experiment-8,rest-api-crud,completed,2026-06-04 09:45:25.839582,2026-06-04 09:45:25.839592,elixir,claude-opus-4-7,,,1,1.0,1.0,0.0,0.0,0.88,0.0,1.0,497.6266444590874,2783691.0,2.4850405,53.0
experiment-8,rest-api-crud,completed,2026-06-04 09:49:38.544420,2026-06-04 09:49:38.544428,elixir,claude-opus-4-7,,,2,1.0,1.0,0.0,0.0,0.95,0.0,1.0,241.60397066688165,1068013.0,0.9426247500000001,27.0
experiment-8,rest-api-crud,completed,2026-06-04 09:54:15.423235,2026-06-04 09:54:15.423242,elixir,claude-opus-4-7,,,3,1.0,1.0,0.0,0.0,0.88,0.0,1.0,265.7026065001264,2602572.0,1.9094774999999995,58.0
experiment-8,rest-api-crud,completed,2026-06-04 09:58:53.863228,2026-06-04 09:58:53.863234,elixir,claude-opus-4-8,,,1,1.0,1.0,0.0,0.0,0.94,0.0,1.0,267.76754216710106,1239900.0,1.1874885000000004,41.0
experiment-8,rest-api-crud,completed,2026-06-04 10:01:42.646135,2026-06-04 10:01:42.646142,elixir,claude-opus-4-8,,,2,1.0,1.0,0.0,0.0,0.94,0.0,1.0,157.91874816734344,424433.0,0.58071725,28.0
experiment-8,rest-api-crud,completed,2026-06-04 10:05:10.724728,2026-06-04 10:05:10.724735,elixir,claude-opus-4-8,,,3,1.0,1.0,0.0,0.0,0.9,0.0,1.0,195.59687379188836,657907.0,0.7785277499999999,34.0
experiment-8,rest-api-crud,completed,2026-06-04 12:21:44.442345,2026-06-04 12:21:44.442358,erlang,claude-opus-4-7,,,2,1.0,1.0,0.0,0.0,0.94,0.0,1.0,409.7351502086967,2088804.0,2.115263,40.0
experiment-8,rest-api-crud,completed,2026-06-04 12:28:46.743927,2026-06-04 12:28:46.743934,erlang,claude-opus-4-8,,,3,1.0,1.0,0.0,0.0,0.7,0.0,1.0,407.45695649972185,1221578.0,1.6350777500000002,30.0
